post_row_id,subreddit,community_orientation,ai_relevance_decision,decision_method,decision_note
1,explainlikeimfive,low,exclude_non_ai,preserved_conservative_content_screen,Preserved audit decision; text is intentionally not released.
2,explainlikeimfive,low,exclude_non_ai,preserved_conservative_content_screen,Preserved audit decision; text is intentionally not released.
3,explainlikeimfive,low,exclude_non_ai,preserved_conservative_content_screen,Preserved audit decision; text is intentionally not released.
4,explainlikeimfive,low,exclude_non_ai,preserved_conservative_content_screen,Preserved audit decision; text is intentionally not released.
5,explainlikeimfive,low,exclude_non_ai,preserved_conservative_content_screen,Preserved audit decision; text is intentionally not released.
6,explainlikeimfive,low,exclude_non_ai,preserved_conservative_content_screen,Preserved audit decision; text is intentionally not released.
7,explainlikeimfive,low,retain,preserved_conservative_content_screen,Preserved audit decision; text is intentionally not released.
8,explainlikeimfive,low,exclude_non_ai,preserved_conservative_content_screen,Preserved audit decision; text is intentionally not released.
9,explainlikeimfive,low,exclude_non_ai,preserved_conservative_content_screen,Preserved audit decision; text is intentionally not released.
10,explainlikeimfive,low,exclude_non_ai,preserved_conservative_content_screen,Preserved audit decision; text is intentionally not released.
11,explainlikeimfive,low,exclude_non_ai,preserved_conservative_content_screen,Preserved audit decision; text is intentionally not released.
12,explainlikeimfive,low,exclude_non_ai,preserved_conservative_content_screen,Preserved audit decision; text is intentionally not released.
13,explainlikeimfive,low,exclude_non_ai,preserved_conservative_content_screen,Preserved audit decision; text is intentionally not released.
14,explainlikeimfive,low,exclude_non_ai,preserved_conservative_content_screen,Preserved audit decision; text is intentionally not released.
15,explainlikeimfive,low,exclude_non_ai,preserved_conservative_content_screen,Preserved audit decision; text is intentionally not released.
16,explainlikeimfive,low,exclude_non_ai,preserved_conservative_content_screen,Preserved audit decision; text is intentionally not released.
17,explainlikeimfive,low,exclude_non_ai,preserved_conservative_content_screen,Preserved audit decision; text is intentionally not released.
18,explainlikeimfive,low,exclude_non_ai,preserved_conservative_content_screen,Preserved audit decision; text is intentionally not released.
19,explainlikeimfive,low,exclude_non_ai,preserved_conservative_content_screen,Preserved audit decision; text is intentionally not released.
20,explainlikeimfive,low,exclude_non_ai,preserved_conservative_content_screen,Preserved audit decision; text is intentionally not released.
21,explainlikeimfive,low,exclude_non_ai,preserved_conservative_content_screen,Preserved audit decision; text is intentionally not released.
22,explainlikeimfive,low,exclude_non_ai,preserved_conservative_content_screen,Preserved audit decision; text is intentionally not released.
23,explainlikeimfive,low,exclude_non_ai,preserved_conservative_content_screen,Preserved audit decision; text is intentionally not released.
24,explainlikeimfive,low,exclude_non_ai,preserved_conservative_content_screen,Preserved audit decision; text is intentionally not released.
25,explainlikeimfive,low,exclude_non_ai,preserved_conservative_content_screen,Preserved audit decision; text is intentionally not released.
26,explainlikeimfive,low,exclude_non_ai,preserved_conservative_content_screen,Preserved audit decision; text is intentionally not released.
27,explainlikeimfive,low,exclude_non_ai,preserved_conservative_content_screen,Preserved audit decision; text is intentionally not released.
28,explainlikeimfive,low,exclude_non_ai,preserved_conservative_content_screen,Preserved audit decision; text is intentionally not released.
29,explainlikeimfive,low,exclude_non_ai,preserved_conservative_content_screen,Preserved audit decision; text is intentionally not released.
30,explainlikeimfive,low,exclude_non_ai,preserved_conservative_content_screen,Preserved audit decision; text is intentionally not released.
31,explainlikeimfive,low,exclude_non_ai,preserved_conservative_content_screen,Preserved audit decision; text is intentionally not released.
32,explainlikeimfive,low,exclude_non_ai,preserved_conservative_content_screen,Preserved audit decision; text is intentionally not released.
33,explainlikeimfive,low,exclude_non_ai,preserved_conservative_content_screen,Preserved audit decision; text is intentionally not released.
34,explainlikeimfive,low,exclude_non_ai,preserved_conservative_content_screen,Preserved audit decision; text is intentionally not released.
35,explainlikeimfive,low,exclude_non_ai,preserved_conservative_content_screen,Preserved audit decision; text is intentionally not released.
36,explainlikeimfive,low,exclude_non_ai,preserved_conservative_content_screen,Preserved audit decision; text is intentionally not released.
37,explainlikeimfive,low,retain,preserved_conservative_content_screen,Preserved audit decision; text is intentionally not released.
38,explainlikeimfive,low,exclude_non_ai,preserved_conservative_content_screen,Preserved audit decision; text is intentionally not released.
39,explainlikeimfive,low,exclude_non_ai,preserved_conservative_content_screen,Preserved audit decision; text is intentionally not released.
40,explainlikeimfive,low,exclude_non_ai,preserved_conservative_content_screen,Preserved audit decision; text is intentionally not released.
41,explainlikeimfive,low,exclude_non_ai,preserved_conservative_content_screen,Preserved audit decision; text is intentionally not released.
42,explainlikeimfive,low,exclude_non_ai,preserved_conservative_content_screen,Preserved audit decision; text is intentionally not released.
43,explainlikeimfive,low,exclude_non_ai,preserved_conservative_content_screen,Preserved audit decision; text is intentionally not released.
44,explainlikeimfive,low,exclude_non_ai,preserved_conservative_content_screen,Preserved audit decision; text is intentionally not released.
45,explainlikeimfive,low,exclude_non_ai,preserved_conservative_content_screen,Preserved audit decision; text is intentionally not released.
46,explainlikeimfive,low,exclude_non_ai,preserved_conservative_content_screen,Preserved audit decision; text is intentionally not released.
47,explainlikeimfive,low,exclude_non_ai,preserved_conservative_content_screen,Preserved audit decision; text is intentionally not released.
48,explainlikeimfive,low,exclude_non_ai,preserved_conservative_content_screen,Preserved audit decision; text is intentionally not released.
49,explainlikeimfive,low,exclude_non_ai,preserved_conservative_content_screen,Preserved audit decision; text is intentionally not released.
50,explainlikeimfive,low,exclude_non_ai,preserved_conservative_content_screen,Preserved audit decision; text is intentionally not released.
51,explainlikeimfive,low,exclude_non_ai,preserved_conservative_content_screen,Preserved audit decision; text is intentionally not released.
52,explainlikeimfive,low,exclude_non_ai,preserved_conservative_content_screen,Preserved audit decision; text is intentionally not released.
53,explainlikeimfive,low,exclude_non_ai,preserved_conservative_content_screen,Preserved audit decision; text is intentionally not released.
54,explainlikeimfive,low,exclude_non_ai,preserved_conservative_content_screen,Preserved audit decision; text is intentionally not released.
55,explainlikeimfive,low,exclude_non_ai,preserved_conservative_content_screen,Preserved audit decision; text is intentionally not released.
56,explainlikeimfive,low,exclude_non_ai,preserved_conservative_content_screen,Preserved audit decision; text is intentionally not released.
57,explainlikeimfive,low,exclude_non_ai,preserved_conservative_content_screen,Preserved audit decision; text is intentionally not released.
58,explainlikeimfive,low,exclude_non_ai,preserved_conservative_content_screen,Preserved audit decision; text is intentionally not released.
59,explainlikeimfive,low,exclude_non_ai,preserved_conservative_content_screen,Preserved audit decision; text is intentionally not released.
60,explainlikeimfive,low,exclude_non_ai,preserved_conservative_content_screen,Preserved audit decision; text is intentionally not released.
61,explainlikeimfive,low,exclude_non_ai,preserved_conservative_content_screen,Preserved audit decision; text is intentionally not released.
62,explainlikeimfive,low,exclude_non_ai,preserved_conservative_content_screen,Preserved audit decision; text is intentionally not released.
63,explainlikeimfive,low,exclude_non_ai,preserved_conservative_content_screen,Preserved audit decision; text is intentionally not released.
64,explainlikeimfive,low,exclude_non_ai,preserved_conservative_content_screen,Preserved audit decision; text is intentionally not released.
65,explainlikeimfive,low,exclude_non_ai,preserved_conservative_content_screen,Preserved audit decision; text is intentionally not released.
66,explainlikeimfive,low,exclude_non_ai,preserved_conservative_content_screen,Preserved audit decision; text is intentionally not released.
67,explainlikeimfive,low,exclude_non_ai,preserved_conservative_content_screen,Preserved audit decision; text is intentionally not released.
68,explainlikeimfive,low,exclude_non_ai,preserved_conservative_content_screen,Preserved audit decision; text is intentionally not released.
69,explainlikeimfive,low,exclude_non_ai,preserved_conservative_content_screen,Preserved audit decision; text is intentionally not released.
70,explainlikeimfive,low,exclude_non_ai,preserved_conservative_content_screen,Preserved audit decision; text is intentionally not released.
71,explainlikeimfive,low,exclude_non_ai,preserved_conservative_content_screen,Preserved audit decision; text is intentionally not released.
72,explainlikeimfive,low,exclude_non_ai,preserved_conservative_content_screen,Preserved audit decision; text is intentionally not released.
73,explainlikeimfive,low,exclude_non_ai,preserved_conservative_content_screen,Preserved audit decision; text is intentionally not released.
74,explainlikeimfive,low,exclude_non_ai,preserved_conservative_content_screen,Preserved audit decision; text is intentionally not released.
75,explainlikeimfive,low,exclude_non_ai,preserved_conservative_content_screen,Preserved audit decision; text is intentionally not released.
76,explainlikeimfive,low,exclude_non_ai,preserved_conservative_content_screen,Preserved audit decision; text is intentionally not released.
77,explainlikeimfive,low,exclude_non_ai,preserved_conservative_content_screen,Preserved audit decision; text is intentionally not released.
78,explainlikeimfive,low,exclude_non_ai,preserved_conservative_content_screen,Preserved audit decision; text is intentionally not released.
79,explainlikeimfive,low,exclude_non_ai,preserved_conservative_content_screen,Preserved audit decision; text is intentionally not released.
80,explainlikeimfive,low,exclude_non_ai,preserved_conservative_content_screen,Preserved audit decision; text is intentionally not released.
81,explainlikeimfive,low,exclude_non_ai,preserved_conservative_content_screen,Preserved audit decision; text is intentionally not released.
82,explainlikeimfive,low,exclude_non_ai,preserved_conservative_content_screen,Preserved audit decision; text is intentionally not released.
83,explainlikeimfive,low,exclude_non_ai,preserved_conservative_content_screen,Preserved audit decision; text is intentionally not released.
84,explainlikeimfive,low,exclude_non_ai,preserved_conservative_content_screen,Preserved audit decision; text is intentionally not released.
85,explainlikeimfive,low,exclude_non_ai,preserved_conservative_content_screen,Preserved audit decision; text is intentionally not released.
86,explainlikeimfive,low,exclude_non_ai,preserved_conservative_content_screen,Preserved audit decision; text is intentionally not released.
87,explainlikeimfive,low,exclude_non_ai,preserved_conservative_content_screen,Preserved audit decision; text is intentionally not released.
88,explainlikeimfive,low,exclude_non_ai,preserved_conservative_content_screen,Preserved audit decision; text is intentionally not released.
89,explainlikeimfive,low,exclude_non_ai,preserved_conservative_content_screen,Preserved audit decision; text is intentionally not released.
90,explainlikeimfive,low,exclude_non_ai,preserved_conservative_content_screen,Preserved audit decision; text is intentionally not released.
91,explainlikeimfive,low,exclude_non_ai,preserved_conservative_content_screen,Preserved audit decision; text is intentionally not released.
92,explainlikeimfive,low,exclude_non_ai,preserved_conservative_content_screen,Preserved audit decision; text is intentionally not released.
93,explainlikeimfive,low,exclude_non_ai,preserved_conservative_content_screen,Preserved audit decision; text is intentionally not released.
94,explainlikeimfive,low,exclude_non_ai,preserved_conservative_content_screen,Preserved audit decision; text is intentionally not released.
95,explainlikeimfive,low,exclude_non_ai,preserved_conservative_content_screen,Preserved audit decision; text is intentionally not released.
96,explainlikeimfive,low,exclude_non_ai,preserved_conservative_content_screen,Preserved audit decision; text is intentionally not released.
97,explainlikeimfive,low,exclude_non_ai,preserved_conservative_content_screen,Preserved audit decision; text is intentionally not released.
98,explainlikeimfive,low,exclude_non_ai,preserved_conservative_content_screen,Preserved audit decision; text is intentionally not released.
99,explainlikeimfive,low,exclude_non_ai,preserved_conservative_content_screen,Preserved audit decision; text is intentionally not released.
100,explainlikeimfive,low,exclude_non_ai,preserved_conservative_content_screen,Preserved audit decision; text is intentionally not released.
101,explainlikeimfive,low,exclude_non_ai,preserved_conservative_content_screen,Preserved audit decision; text is intentionally not released.
102,explainlikeimfive,low,exclude_non_ai,preserved_conservative_content_screen,Preserved audit decision; text is intentionally not released.
103,explainlikeimfive,low,exclude_non_ai,preserved_conservative_content_screen,Preserved audit decision; text is intentionally not released.
104,explainlikeimfive,low,exclude_non_ai,preserved_conservative_content_screen,Preserved audit decision; text is intentionally not released.
105,explainlikeimfive,low,exclude_non_ai,preserved_conservative_content_screen,Preserved audit decision; text is intentionally not released.
106,explainlikeimfive,low,exclude_non_ai,preserved_conservative_content_screen,Preserved audit decision; text is intentionally not released.
107,explainlikeimfive,low,exclude_non_ai,preserved_conservative_content_screen,Preserved audit decision; text is intentionally not released.
108,explainlikeimfive,low,exclude_non_ai,preserved_conservative_content_screen,Preserved audit decision; text is intentionally not released.
109,explainlikeimfive,low,exclude_non_ai,preserved_conservative_content_screen,Preserved audit decision; text is intentionally not released.
110,explainlikeimfive,low,exclude_non_ai,preserved_conservative_content_screen,Preserved audit decision; text is intentionally not released.
111,explainlikeimfive,low,exclude_non_ai,preserved_conservative_content_screen,Preserved audit decision; text is intentionally not released.
112,explainlikeimfive,low,exclude_non_ai,preserved_conservative_content_screen,Preserved audit decision; text is intentionally not released.
113,explainlikeimfive,low,exclude_non_ai,preserved_conservative_content_screen,Preserved audit decision; text is intentionally not released.
114,explainlikeimfive,low,exclude_non_ai,preserved_conservative_content_screen,Preserved audit decision; text is intentionally not released.
115,explainlikeimfive,low,exclude_non_ai,preserved_conservative_content_screen,Preserved audit decision; text is intentionally not released.
116,explainlikeimfive,low,exclude_non_ai,preserved_conservative_content_screen,Preserved audit decision; text is intentionally not released.
117,explainlikeimfive,low,exclude_non_ai,preserved_conservative_content_screen,Preserved audit decision; text is intentionally not released.
118,explainlikeimfive,low,exclude_non_ai,preserved_conservative_content_screen,Preserved audit decision; text is intentionally not released.
119,explainlikeimfive,low,exclude_non_ai,preserved_conservative_content_screen,Preserved audit decision; text is intentionally not released.
120,explainlikeimfive,low,exclude_non_ai,preserved_conservative_content_screen,Preserved audit decision; text is intentionally not released.
121,explainlikeimfive,low,exclude_non_ai,preserved_conservative_content_screen,Preserved audit decision; text is intentionally not released.
122,explainlikeimfive,low,exclude_non_ai,preserved_conservative_content_screen,Preserved audit decision; text is intentionally not released.
123,explainlikeimfive,low,exclude_non_ai,preserved_conservative_content_screen,Preserved audit decision; text is intentionally not released.
124,explainlikeimfive,low,exclude_non_ai,preserved_conservative_content_screen,Preserved audit decision; text is intentionally not released.
125,explainlikeimfive,low,exclude_non_ai,preserved_conservative_content_screen,Preserved audit decision; text is intentionally not released.
126,explainlikeimfive,low,exclude_non_ai,preserved_conservative_content_screen,Preserved audit decision; text is intentionally not released.
127,explainlikeimfive,low,exclude_non_ai,preserved_conservative_content_screen,Preserved audit decision; text is intentionally not released.
128,explainlikeimfive,low,exclude_non_ai,preserved_conservative_content_screen,Preserved audit decision; text is intentionally not released.
129,explainlikeimfive,low,exclude_non_ai,preserved_conservative_content_screen,Preserved audit decision; text is intentionally not released.
130,explainlikeimfive,low,exclude_non_ai,preserved_conservative_content_screen,Preserved audit decision; text is intentionally not released.
131,explainlikeimfive,low,exclude_non_ai,preserved_conservative_content_screen,Preserved audit decision; text is intentionally not released.
132,explainlikeimfive,low,exclude_non_ai,preserved_conservative_content_screen,Preserved audit decision; text is intentionally not released.
133,explainlikeimfive,low,exclude_non_ai,preserved_conservative_content_screen,Preserved audit decision; text is intentionally not released.
134,explainlikeimfive,low,exclude_non_ai,preserved_conservative_content_screen,Preserved audit decision; text is intentionally not released.
135,explainlikeimfive,low,exclude_non_ai,preserved_conservative_content_screen,Preserved audit decision; text is intentionally not released.
136,explainlikeimfive,low,exclude_non_ai,preserved_conservative_content_screen,Preserved audit decision; text is intentionally not released.
137,explainlikeimfive,low,exclude_non_ai,preserved_conservative_content_screen,Preserved audit decision; text is intentionally not released.
138,explainlikeimfive,low,exclude_non_ai,preserved_conservative_content_screen,Preserved audit decision; text is intentionally not released.
139,explainlikeimfive,low,exclude_non_ai,preserved_conservative_content_screen,Preserved audit decision; text is intentionally not released.
140,explainlikeimfive,low,retain,preserved_conservative_content_screen,Preserved audit decision; text is intentionally not released.
141,explainlikeimfive,low,exclude_non_ai,preserved_conservative_content_screen,Preserved audit decision; text is intentionally not released.
142,explainlikeimfive,low,exclude_non_ai,preserved_conservative_content_screen,Preserved audit decision; text is intentionally not released.
143,explainlikeimfive,low,exclude_non_ai,preserved_conservative_content_screen,Preserved audit decision; text is intentionally not released.
144,explainlikeimfive,low,exclude_non_ai,preserved_conservative_content_screen,Preserved audit decision; text is intentionally not released.
145,explainlikeimfive,low,exclude_non_ai,preserved_conservative_content_screen,Preserved audit decision; text is intentionally not released.
146,explainlikeimfive,low,exclude_non_ai,preserved_conservative_content_screen,Preserved audit decision; text is intentionally not released.
147,explainlikeimfive,low,exclude_non_ai,preserved_conservative_content_screen,Preserved audit decision; text is intentionally not released.
148,explainlikeimfive,low,exclude_non_ai,preserved_conservative_content_screen,Preserved audit decision; text is intentionally not released.
149,explainlikeimfive,low,exclude_non_ai,preserved_conservative_content_screen,Preserved audit decision; text is intentionally not released.
150,explainlikeimfive,low,exclude_non_ai,preserved_conservative_content_screen,Preserved audit decision; text is intentionally not released.
151,explainlikeimfive,low,exclude_non_ai,preserved_conservative_content_screen,Preserved audit decision; text is intentionally not released.
152,explainlikeimfive,low,exclude_non_ai,preserved_conservative_content_screen,Preserved audit decision; text is intentionally not released.
153,explainlikeimfive,low,exclude_non_ai,preserved_conservative_content_screen,Preserved audit decision; text is intentionally not released.
154,explainlikeimfive,low,exclude_non_ai,preserved_conservative_content_screen,Preserved audit decision; text is intentionally not released.
155,explainlikeimfive,low,exclude_non_ai,preserved_conservative_content_screen,Preserved audit decision; text is intentionally not released.
156,explainlikeimfive,low,exclude_non_ai,preserved_conservative_content_screen,Preserved audit decision; text is intentionally not released.
157,explainlikeimfive,low,exclude_non_ai,preserved_conservative_content_screen,Preserved audit decision; text is intentionally not released.
158,explainlikeimfive,low,exclude_non_ai,preserved_conservative_content_screen,Preserved audit decision; text is intentionally not released.
159,explainlikeimfive,low,exclude_non_ai,preserved_conservative_content_screen,Preserved audit decision; text is intentionally not released.
160,explainlikeimfive,low,retain,preserved_conservative_content_screen,Preserved audit decision; text is intentionally not released.
161,explainlikeimfive,low,exclude_non_ai,preserved_conservative_content_screen,Preserved audit decision; text is intentionally not released.
162,explainlikeimfive,low,exclude_non_ai,preserved_conservative_content_screen,Preserved audit decision; text is intentionally not released.
163,explainlikeimfive,low,exclude_non_ai,preserved_conservative_content_screen,Preserved audit decision; text is intentionally not released.
164,explainlikeimfive,low,exclude_non_ai,preserved_conservative_content_screen,Preserved audit decision; text is intentionally not released.
165,explainlikeimfive,low,exclude_non_ai,preserved_conservative_content_screen,Preserved audit decision; text is intentionally not released.
166,explainlikeimfive,low,exclude_non_ai,preserved_conservative_content_screen,Preserved audit decision; text is intentionally not released.
167,explainlikeimfive,low,exclude_non_ai,preserved_conservative_content_screen,Preserved audit decision; text is intentionally not released.
168,explainlikeimfive,low,exclude_non_ai,preserved_conservative_content_screen,Preserved audit decision; text is intentionally not released.
169,explainlikeimfive,low,exclude_non_ai,preserved_conservative_content_screen,Preserved audit decision; text is intentionally not released.
170,explainlikeimfive,low,exclude_non_ai,preserved_conservative_content_screen,Preserved audit decision; text is intentionally not released.
171,explainlikeimfive,low,exclude_non_ai,preserved_conservative_content_screen,Preserved audit decision; text is intentionally not released.
172,explainlikeimfive,low,exclude_non_ai,preserved_conservative_content_screen,Preserved audit decision; text is intentionally not released.
173,explainlikeimfive,low,exclude_non_ai,preserved_conservative_content_screen,Preserved audit decision; text is intentionally not released.
174,explainlikeimfive,low,exclude_non_ai,preserved_conservative_content_screen,Preserved audit decision; text is intentionally not released.
175,explainlikeimfive,low,exclude_non_ai,preserved_conservative_content_screen,Preserved audit decision; text is intentionally not released.
176,explainlikeimfive,low,exclude_non_ai,preserved_conservative_content_screen,Preserved audit decision; text is intentionally not released.
177,explainlikeimfive,low,exclude_non_ai,preserved_conservative_content_screen,Preserved audit decision; text is intentionally not released.
178,explainlikeimfive,low,exclude_non_ai,preserved_conservative_content_screen,Preserved audit decision; text is intentionally not released.
179,explainlikeimfive,low,exclude_non_ai,preserved_conservative_content_screen,Preserved audit decision; text is intentionally not released.
180,explainlikeimfive,low,exclude_non_ai,preserved_conservative_content_screen,Preserved audit decision; text is intentionally not released.
181,explainlikeimfive,low,exclude_non_ai,preserved_conservative_content_screen,Preserved audit decision; text is intentionally not released.
182,explainlikeimfive,low,exclude_non_ai,preserved_conservative_content_screen,Preserved audit decision; text is intentionally not released.
183,explainlikeimfive,low,exclude_non_ai,preserved_conservative_content_screen,Preserved audit decision; text is intentionally not released.
184,explainlikeimfive,low,exclude_non_ai,preserved_conservative_content_screen,Preserved audit decision; text is intentionally not released.
185,explainlikeimfive,low,exclude_non_ai,preserved_conservative_content_screen,Preserved audit decision; text is intentionally not released.
186,explainlikeimfive,low,exclude_non_ai,preserved_conservative_content_screen,Preserved audit decision; text is intentionally not released.
187,explainlikeimfive,low,exclude_non_ai,preserved_conservative_content_screen,Preserved audit decision; text is intentionally not released.
188,explainlikeimfive,low,exclude_non_ai,preserved_conservative_content_screen,Preserved audit decision; text is intentionally not released.
189,explainlikeimfive,low,exclude_non_ai,preserved_conservative_content_screen,Preserved audit decision; text is intentionally not released.
190,explainlikeimfive,low,exclude_non_ai,preserved_conservative_content_screen,Preserved audit decision; text is intentionally not released.
191,explainlikeimfive,low,exclude_non_ai,preserved_conservative_content_screen,Preserved audit decision; text is intentionally not released.
192,explainlikeimfive,low,exclude_non_ai,preserved_conservative_content_screen,Preserved audit decision; text is intentionally not released.
193,explainlikeimfive,low,exclude_non_ai,preserved_conservative_content_screen,Preserved audit decision; text is intentionally not released.
194,explainlikeimfive,low,exclude_non_ai,preserved_conservative_content_screen,Preserved audit decision; text is intentionally not released.
195,explainlikeimfive,low,exclude_non_ai,preserved_conservative_content_screen,Preserved audit decision; text is intentionally not released.
196,explainlikeimfive,low,exclude_non_ai,preserved_conservative_content_screen,Preserved audit decision; text is intentionally not released.
197,explainlikeimfive,low,exclude_non_ai,preserved_conservative_content_screen,Preserved audit decision; text is intentionally not released.
198,explainlikeimfive,low,exclude_non_ai,preserved_conservative_content_screen,Preserved audit decision; text is intentionally not released.
199,explainlikeimfive,low,exclude_non_ai,preserved_conservative_content_screen,Preserved audit decision; text is intentionally not released.
200,explainlikeimfive,low,exclude_non_ai,preserved_conservative_content_screen,Preserved audit decision; text is intentionally not released.
201,Futurology,low,exclude_non_ai,preserved_conservative_content_screen,Preserved audit decision; text is intentionally not released.
202,Futurology,low,exclude_non_ai,preserved_conservative_content_screen,Preserved audit decision; text is intentionally not released.
203,Futurology,low,retain,preserved_conservative_content_screen,Preserved audit decision; text is intentionally not released.
204,Futurology,low,retain,preserved_conservative_content_screen,Preserved audit decision; text is intentionally not released.
205,Futurology,low,retain,preserved_conservative_content_screen,Preserved audit decision; text is intentionally not released.
206,Futurology,low,retain,preserved_conservative_content_screen,Preserved audit decision; text is intentionally not released.
207,Futurology,low,retain,preserved_conservative_content_screen,Preserved audit decision; text is intentionally not released.
208,Futurology,low,retain,preserved_conservative_content_screen,Preserved audit decision; text is intentionally not released.
209,Futurology,low,exclude_non_ai,preserved_conservative_content_screen,Preserved audit decision; text is intentionally not released.
210,Futurology,low,retain,preserved_conservative_content_screen,Preserved audit decision; text is intentionally not released.
211,Futurology,low,retain,preserved_conservative_content_screen,Preserved audit decision; text is intentionally not released.
212,Futurology,low,exclude_non_ai,preserved_conservative_content_screen,Preserved audit decision; text is intentionally not released.
213,Futurology,low,exclude_non_ai,preserved_conservative_content_screen,Preserved audit decision; text is intentionally not released.
214,Futurology,low,exclude_non_ai,preserved_conservative_content_screen,Preserved audit decision; text is intentionally not released.
215,Futurology,low,exclude_non_ai,preserved_conservative_content_screen,Preserved audit decision; text is intentionally not released.
216,Futurology,low,exclude_non_ai,preserved_conservative_content_screen,Preserved audit decision; text is intentionally not released.
217,Futurology,low,exclude_non_ai,preserved_conservative_content_screen,Preserved audit decision; text is intentionally not released.
218,Futurology,low,exclude_non_ai,preserved_conservative_content_screen,Preserved audit decision; text is intentionally not released.
219,Futurology,low,retain,preserved_conservative_content_screen,Preserved audit decision; text is intentionally not released.
220,Futurology,low,retain,preserved_conservative_content_screen,Preserved audit decision; text is intentionally not released.
221,Futurology,low,retain,preserved_conservative_content_screen,Preserved audit decision; text is intentionally not released.
222,Futurology,low,exclude_non_ai,preserved_conservative_content_screen,Preserved audit decision; text is intentionally not released.
223,Futurology,low,exclude_non_ai,preserved_conservative_content_screen,Preserved audit decision; text is intentionally not released.
224,Futurology,low,exclude_non_ai,preserved_conservative_content_screen,Preserved audit decision; text is intentionally not released.
225,Futurology,low,exclude_non_ai,preserved_conservative_content_screen,Preserved audit decision; text is intentionally not released.
226,Futurology,low,retain,preserved_conservative_content_screen,Preserved audit decision; text is intentionally not released.
227,Futurology,low,exclude_non_ai,preserved_conservative_content_screen,Preserved audit decision; text is intentionally not released.
228,Futurology,low,exclude_non_ai,preserved_conservative_content_screen,Preserved audit decision; text is intentionally not released.
229,Futurology,low,exclude_non_ai,preserved_conservative_content_screen,Preserved audit decision; text is intentionally not released.
230,Futurology,low,retain,preserved_conservative_content_screen,Preserved audit decision; text is intentionally not released.
231,Futurology,low,exclude_non_ai,preserved_conservative_content_screen,Preserved audit decision; text is intentionally not released.
232,Futurology,low,exclude_non_ai,preserved_conservative_content_screen,Preserved audit decision; text is intentionally not released.
233,Futurology,low,retain,preserved_conservative_content_screen,Preserved audit decision; text is intentionally not released.
234,Futurology,low,exclude_non_ai,preserved_conservative_content_screen,Preserved audit decision; text is intentionally not released.
235,Futurology,low,exclude_non_ai,preserved_conservative_content_screen,Preserved audit decision; text is intentionally not released.
236,Futurology,low,exclude_non_ai,preserved_conservative_content_screen,Preserved audit decision; text is intentionally not released.
237,Futurology,low,exclude_non_ai,preserved_conservative_content_screen,Preserved audit decision; text is intentionally not released.
238,Futurology,low,retain,preserved_conservative_content_screen,Preserved audit decision; text is intentionally not released.
239,Futurology,low,exclude_non_ai,preserved_conservative_content_screen,Preserved audit decision; text is intentionally not released.
240,Futurology,low,exclude_non_ai,preserved_conservative_content_screen,Preserved audit decision; text is intentionally not released.
241,Futurology,low,exclude_non_ai,preserved_conservative_content_screen,Preserved audit decision; text is intentionally not released.
242,Futurology,low,exclude_non_ai,preserved_conservative_content_screen,Preserved audit decision; text is intentionally not released.
243,Futurology,low,exclude_non_ai,preserved_conservative_content_screen,Preserved audit decision; text is intentionally not released.
244,Futurology,low,exclude_non_ai,preserved_conservative_content_screen,Preserved audit decision; text is intentionally not released.
245,Futurology,low,exclude_non_ai,preserved_conservative_content_screen,Preserved audit decision; text is intentionally not released.
246,Futurology,low,exclude_non_ai,preserved_conservative_content_screen,Preserved audit decision; text is intentionally not released.
247,Futurology,low,retain,preserved_conservative_content_screen,Preserved audit decision; text is intentionally not released.
248,Futurology,low,exclude_non_ai,preserved_conservative_content_screen,Preserved audit decision; text is intentionally not released.
249,Futurology,low,retain,preserved_conservative_content_screen,Preserved audit decision; text is intentionally not released.
250,Futurology,low,retain,preserved_conservative_content_screen,Preserved audit decision; text is intentionally not released.
251,Futurology,low,retain,preserved_conservative_content_screen,Preserved audit decision; text is intentionally not released.
252,Futurology,low,exclude_non_ai,preserved_conservative_content_screen,Preserved audit decision; text is intentionally not released.
253,Futurology,low,retain,preserved_conservative_content_screen,Preserved audit decision; text is intentionally not released.
254,Futurology,low,retain,preserved_conservative_content_screen,Preserved audit decision; text is intentionally not released.
255,Futurology,low,exclude_non_ai,preserved_conservative_content_screen,Preserved audit decision; text is intentionally not released.
256,Futurology,low,retain,preserved_conservative_content_screen,Preserved audit decision; text is intentionally not released.
257,Futurology,low,exclude_non_ai,preserved_conservative_content_screen,Preserved audit decision; text is intentionally not released.
258,Futurology,low,exclude_non_ai,preserved_conservative_content_screen,Preserved audit decision; text is intentionally not released.
259,Futurology,low,exclude_non_ai,preserved_conservative_content_screen,Preserved audit decision; text is intentionally not released.
260,Futurology,low,retain,preserved_conservative_content_screen,Preserved audit decision; text is intentionally not released.
261,Futurology,low,exclude_non_ai,preserved_conservative_content_screen,Preserved audit decision; text is intentionally not released.
262,Futurology,low,exclude_non_ai,preserved_conservative_content_screen,Preserved audit decision; text is intentionally not released.
263,Futurology,low,retain,preserved_conservative_content_screen,Preserved audit decision; text is intentionally not released.
264,Futurology,low,exclude_non_ai,preserved_conservative_content_screen,Preserved audit decision; text is intentionally not released.
265,Futurology,low,retain,preserved_conservative_content_screen,Preserved audit decision; text is intentionally not released.
266,Futurology,low,exclude_non_ai,preserved_conservative_content_screen,Preserved audit decision; text is intentionally not released.
267,Futurology,low,retain,preserved_conservative_content_screen,Preserved audit decision; text is intentionally not released.
268,Futurology,low,exclude_non_ai,preserved_conservative_content_screen,Preserved audit decision; text is intentionally not released.
269,Futurology,low,exclude_non_ai,preserved_conservative_content_screen,Preserved audit decision; text is intentionally not released.
270,Futurology,low,exclude_non_ai,preserved_conservative_content_screen,Preserved audit decision; text is intentionally not released.
271,Futurology,low,retain,preserved_conservative_content_screen,Preserved audit decision; text is intentionally not released.
272,Futurology,low,exclude_non_ai,preserved_conservative_content_screen,Preserved audit decision; text is intentionally not released.
273,Futurology,low,retain,preserved_conservative_content_screen,Preserved audit decision; text is intentionally not released.
274,Futurology,low,retain,preserved_conservative_content_screen,Preserved audit decision; text is intentionally not released.
275,Futurology,low,exclude_non_ai,preserved_conservative_content_screen,Preserved audit decision; text is intentionally not released.
276,Futurology,low,exclude_non_ai,preserved_conservative_content_screen,Preserved audit decision; text is intentionally not released.
277,Futurology,low,exclude_non_ai,preserved_conservative_content_screen,Preserved audit decision; text is intentionally not released.
278,Futurology,low,retain,preserved_conservative_content_screen,Preserved audit decision; text is intentionally not released.
279,Futurology,low,retain,preserved_conservative_content_screen,Preserved audit decision; text is intentionally not released.
280,Futurology,low,retain,preserved_conservative_content_screen,Preserved audit decision; text is intentionally not released.
281,Futurology,low,exclude_non_ai,preserved_conservative_content_screen,Preserved audit decision; text is intentionally not released.
282,Futurology,low,retain,preserved_conservative_content_screen,Preserved audit decision; text is intentionally not released.
283,Futurology,low,exclude_non_ai,preserved_conservative_content_screen,Preserved audit decision; text is intentionally not released.
284,Futurology,low,exclude_non_ai,preserved_conservative_content_screen,Preserved audit decision; text is intentionally not released.
285,Futurology,low,exclude_non_ai,preserved_conservative_content_screen,Preserved audit decision; text is intentionally not released.
286,Futurology,low,retain,preserved_conservative_content_screen,Preserved audit decision; text is intentionally not released.
287,Futurology,low,exclude_non_ai,preserved_conservative_content_screen,Preserved audit decision; text is intentionally not released.
288,Futurology,low,exclude_non_ai,preserved_conservative_content_screen,Preserved audit decision; text is intentionally not released.
289,Futurology,low,exclude_non_ai,preserved_conservative_content_screen,Preserved audit decision; text is intentionally not released.
290,Futurology,low,retain,preserved_conservative_content_screen,Preserved audit decision; text is intentionally not released.
291,Futurology,low,exclude_non_ai,preserved_conservative_content_screen,Preserved audit decision; text is intentionally not released.
292,Futurology,low,retain,preserved_conservative_content_screen,Preserved audit decision; text is intentionally not released.
293,Futurology,low,retain,preserved_conservative_content_screen,Preserved audit decision; text is intentionally not released.
294,Futurology,low,retain,preserved_conservative_content_screen,Preserved audit decision; text is intentionally not released.
295,Futurology,low,exclude_non_ai,preserved_conservative_content_screen,Preserved audit decision; text is intentionally not released.
296,Futurology,low,retain,preserved_conservative_content_screen,Preserved audit decision; text is intentionally not released.
297,Futurology,low,exclude_non_ai,preserved_conservative_content_screen,Preserved audit decision; text is intentionally not released.
298,Futurology,low,exclude_non_ai,preserved_conservative_content_screen,Preserved audit decision; text is intentionally not released.
299,Futurology,low,exclude_non_ai,preserved_conservative_content_screen,Preserved audit decision; text is intentionally not released.
300,Futurology,low,retain,preserved_conservative_content_screen,Preserved audit decision; text is intentionally not released.
301,Futurology,low,exclude_non_ai,preserved_conservative_content_screen,Preserved audit decision; text is intentionally not released.
302,Futurology,low,exclude_non_ai,preserved_conservative_content_screen,Preserved audit decision; text is intentionally not released.
303,Futurology,low,exclude_non_ai,preserved_conservative_content_screen,Preserved audit decision; text is intentionally not released.
304,Futurology,low,retain,preserved_conservative_content_screen,Preserved audit decision; text is intentionally not released.
305,Futurology,low,exclude_non_ai,preserved_conservative_content_screen,Preserved audit decision; text is intentionally not released.
306,Futurology,low,exclude_non_ai,preserved_conservative_content_screen,Preserved audit decision; text is intentionally not released.
307,Futurology,low,exclude_non_ai,preserved_conservative_content_screen,Preserved audit decision; text is intentionally not released.
308,Futurology,low,retain,preserved_conservative_content_screen,Preserved audit decision; text is intentionally not released.
309,Futurology,low,exclude_non_ai,preserved_conservative_content_screen,Preserved audit decision; text is intentionally not released.
310,Futurology,low,retain,preserved_conservative_content_screen,Preserved audit decision; text is intentionally not released.
311,Futurology,low,retain,preserved_conservative_content_screen,Preserved audit decision; text is intentionally not released.
312,Futurology,low,retain,preserved_conservative_content_screen,Preserved audit decision; text is intentionally not released.
313,Futurology,low,exclude_non_ai,preserved_conservative_content_screen,Preserved audit decision; text is intentionally not released.
314,Futurology,low,exclude_non_ai,preserved_conservative_content_screen,Preserved audit decision; text is intentionally not released.
315,Futurology,low,retain,preserved_conservative_content_screen,Preserved audit decision; text is intentionally not released.
316,Futurology,low,exclude_non_ai,preserved_conservative_content_screen,Preserved audit decision; text is intentionally not released.
317,Futurology,low,retain,preserved_conservative_content_screen,Preserved audit decision; text is intentionally not released.
318,Futurology,low,exclude_non_ai,preserved_conservative_content_screen,Preserved audit decision; text is intentionally not released.
319,Futurology,low,exclude_non_ai,preserved_conservative_content_screen,Preserved audit decision; text is intentionally not released.
320,Futurology,low,retain,preserved_conservative_content_screen,Preserved audit decision; text is intentionally not released.
321,Futurology,low,exclude_non_ai,preserved_conservative_content_screen,Preserved audit decision; text is intentionally not released.
322,Futurology,low,exclude_non_ai,preserved_conservative_content_screen,Preserved audit decision; text is intentionally not released.
323,Futurology,low,retain,preserved_conservative_content_screen,Preserved audit decision; text is intentionally not released.
324,Futurology,low,exclude_non_ai,preserved_conservative_content_screen,Preserved audit decision; text is intentionally not released.
325,Futurology,low,exclude_non_ai,preserved_conservative_content_screen,Preserved audit decision; text is intentionally not released.
326,Futurology,low,exclude_non_ai,preserved_conservative_content_screen,Preserved audit decision; text is intentionally not released.
327,Futurology,low,exclude_non_ai,preserved_conservative_content_screen,Preserved audit decision; text is intentionally not released.
328,Futurology,low,exclude_non_ai,preserved_conservative_content_screen,Preserved audit decision; text is intentionally not released.
329,Futurology,low,exclude_non_ai,preserved_conservative_content_screen,Preserved audit decision; text is intentionally not released.
330,Futurology,low,exclude_non_ai,preserved_conservative_content_screen,Preserved audit decision; text is intentionally not released.
331,Futurology,low,exclude_non_ai,preserved_conservative_content_screen,Preserved audit decision; text is intentionally not released.
332,Futurology,low,exclude_non_ai,preserved_conservative_content_screen,Preserved audit decision; text is intentionally not released.
333,Futurology,low,retain,preserved_conservative_content_screen,Preserved audit decision; text is intentionally not released.
334,Futurology,low,retain,preserved_conservative_content_screen,Preserved audit decision; text is intentionally not released.
335,Futurology,low,exclude_non_ai,preserved_conservative_content_screen,Preserved audit decision; text is intentionally not released.
336,Futurology,low,exclude_non_ai,preserved_conservative_content_screen,Preserved audit decision; text is intentionally not released.
337,Futurology,low,exclude_non_ai,preserved_conservative_content_screen,Preserved audit decision; text is intentionally not released.
338,Futurology,low,exclude_non_ai,preserved_conservative_content_screen,Preserved audit decision; text is intentionally not released.
339,Futurology,low,exclude_non_ai,preserved_conservative_content_screen,Preserved audit decision; text is intentionally not released.
340,Futurology,low,retain,preserved_conservative_content_screen,Preserved audit decision; text is intentionally not released.
341,Futurology,low,exclude_non_ai,preserved_conservative_content_screen,Preserved audit decision; text is intentionally not released.
342,Futurology,low,exclude_non_ai,preserved_conservative_content_screen,Preserved audit decision; text is intentionally not released.
343,Futurology,low,exclude_non_ai,preserved_conservative_content_screen,Preserved audit decision; text is intentionally not released.
344,Futurology,low,retain,preserved_conservative_content_screen,Preserved audit decision; text is intentionally not released.
345,Futurology,low,retain,preserved_conservative_content_screen,Preserved audit decision; text is intentionally not released.
346,Futurology,low,exclude_non_ai,preserved_conservative_content_screen,Preserved audit decision; text is intentionally not released.
347,Futurology,low,retain,preserved_conservative_content_screen,Preserved audit decision; text is intentionally not released.
348,Futurology,low,exclude_non_ai,preserved_conservative_content_screen,Preserved audit decision; text is intentionally not released.
349,Futurology,low,retain,preserved_conservative_content_screen,Preserved audit decision; text is intentionally not released.
350,Futurology,low,exclude_non_ai,preserved_conservative_content_screen,Preserved audit decision; text is intentionally not released.
351,Futurology,low,retain,preserved_conservative_content_screen,Preserved audit decision; text is intentionally not released.
352,Futurology,low,retain,preserved_conservative_content_screen,Preserved audit decision; text is intentionally not released.
353,Futurology,low,retain,preserved_conservative_content_screen,Preserved audit decision; text is intentionally not released.
354,Futurology,low,exclude_non_ai,preserved_conservative_content_screen,Preserved audit decision; text is intentionally not released.
355,Futurology,low,retain,preserved_conservative_content_screen,Preserved audit decision; text is intentionally not released.
356,Futurology,low,exclude_non_ai,preserved_conservative_content_screen,Preserved audit decision; text is intentionally not released.
357,Futurology,low,exclude_non_ai,preserved_conservative_content_screen,Preserved audit decision; text is intentionally not released.
358,Futurology,low,retain,preserved_conservative_content_screen,Preserved audit decision; text is intentionally not released.
359,Futurology,low,retain,preserved_conservative_content_screen,Preserved audit decision; text is intentionally not released.
360,Futurology,low,exclude_non_ai,preserved_conservative_content_screen,Preserved audit decision; text is intentionally not released.
361,Futurology,low,retain,preserved_conservative_content_screen,Preserved audit decision; text is intentionally not released.
362,Futurology,low,exclude_non_ai,preserved_conservative_content_screen,Preserved audit decision; text is intentionally not released.
363,Futurology,low,retain,preserved_conservative_content_screen,Preserved audit decision; text is intentionally not released.
364,Futurology,low,exclude_non_ai,preserved_conservative_content_screen,Preserved audit decision; text is intentionally not released.
365,Futurology,low,exclude_non_ai,preserved_conservative_content_screen,Preserved audit decision; text is intentionally not released.
366,Futurology,low,exclude_non_ai,preserved_conservative_content_screen,Preserved audit decision; text is intentionally not released.
367,Futurology,low,retain,preserved_conservative_content_screen,Preserved audit decision; text is intentionally not released.
368,Futurology,low,exclude_non_ai,preserved_conservative_content_screen,Preserved audit decision; text is intentionally not released.
369,Futurology,low,retain,preserved_conservative_content_screen,Preserved audit decision; text is intentionally not released.
370,Futurology,low,retain,preserved_conservative_content_screen,Preserved audit decision; text is intentionally not released.
371,Futurology,low,retain,preserved_conservative_content_screen,Preserved audit decision; text is intentionally not released.
372,Futurology,low,retain,preserved_conservative_content_screen,Preserved audit decision; text is intentionally not released.
373,Futurology,low,exclude_non_ai,preserved_conservative_content_screen,Preserved audit decision; text is intentionally not released.
374,Futurology,low,exclude_non_ai,preserved_conservative_content_screen,Preserved audit decision; text is intentionally not released.
375,Futurology,low,exclude_non_ai,preserved_conservative_content_screen,Preserved audit decision; text is intentionally not released.
376,Futurology,low,exclude_non_ai,preserved_conservative_content_screen,Preserved audit decision; text is intentionally not released.
377,Futurology,low,retain,preserved_conservative_content_screen,Preserved audit decision; text is intentionally not released.
378,Futurology,low,exclude_non_ai,preserved_conservative_content_screen,Preserved audit decision; text is intentionally not released.
379,Futurology,low,exclude_non_ai,preserved_conservative_content_screen,Preserved audit decision; text is intentionally not released.
380,Futurology,low,exclude_non_ai,preserved_conservative_content_screen,Preserved audit decision; text is intentionally not released.
381,Futurology,low,retain,preserved_conservative_content_screen,Preserved audit decision; text is intentionally not released.
382,Futurology,low,exclude_non_ai,preserved_conservative_content_screen,Preserved audit decision; text is intentionally not released.
383,Futurology,low,exclude_non_ai,preserved_conservative_content_screen,Preserved audit decision; text is intentionally not released.
384,Futurology,low,exclude_non_ai,preserved_conservative_content_screen,Preserved audit decision; text is intentionally not released.
385,Futurology,low,retain,preserved_conservative_content_screen,Preserved audit decision; text is intentionally not released.
386,Futurology,low,retain,preserved_conservative_content_screen,Preserved audit decision; text is intentionally not released.
387,Futurology,low,retain,preserved_conservative_content_screen,Preserved audit decision; text is intentionally not released.
388,Futurology,low,exclude_non_ai,preserved_conservative_content_screen,Preserved audit decision; text is intentionally not released.
389,Futurology,low,exclude_non_ai,preserved_conservative_content_screen,Preserved audit decision; text is intentionally not released.
390,Futurology,low,exclude_non_ai,preserved_conservative_content_screen,Preserved audit decision; text is intentionally not released.
391,Futurology,low,exclude_non_ai,preserved_conservative_content_screen,Preserved audit decision; text is intentionally not released.
392,Futurology,low,retain,preserved_conservative_content_screen,Preserved audit decision; text is intentionally not released.
393,Futurology,low,retain,preserved_conservative_content_screen,Preserved audit decision; text is intentionally not released.
394,Futurology,low,retain,preserved_conservative_content_screen,Preserved audit decision; text is intentionally not released.
395,Futurology,low,retain,preserved_conservative_content_screen,Preserved audit decision; text is intentionally not released.
396,Futurology,low,exclude_non_ai,preserved_conservative_content_screen,Preserved audit decision; text is intentionally not released.
397,Futurology,low,retain,preserved_conservative_content_screen,Preserved audit decision; text is intentionally not released.
398,Futurology,low,retain,preserved_conservative_content_screen,Preserved audit decision; text is intentionally not released.
399,Futurology,low,retain,preserved_conservative_content_screen,Preserved audit decision; text is intentionally not released.
400,Futurology,low,exclude_non_ai,preserved_conservative_content_screen,Preserved audit decision; text is intentionally not released.
401,ChatGPT,medium,retain,preserved_conservative_content_screen,Preserved audit decision; text is intentionally not released.
402,ChatGPT,medium,retain,preserved_conservative_content_screen,Preserved audit decision; text is intentionally not released.
403,ChatGPT,medium,retain,preserved_conservative_content_screen,Preserved audit decision; text is intentionally not released.
404,ChatGPT,medium,retain,preserved_conservative_content_screen,Preserved audit decision; text is intentionally not released.
405,ChatGPT,medium,retain,preserved_conservative_content_screen,Preserved audit decision; text is intentionally not released.
406,ChatGPT,medium,exclude_non_ai,preserved_conservative_content_screen,Preserved audit decision; text is intentionally not released.
407,ChatGPT,medium,retain,preserved_conservative_content_screen,Preserved audit decision; text is intentionally not released.
408,ChatGPT,medium,retain,preserved_conservative_content_screen,Preserved audit decision; text is intentionally not released.
409,ChatGPT,medium,retain,preserved_conservative_content_screen,Preserved audit decision; text is intentionally not released.
410,ChatGPT,medium,retain,preserved_conservative_content_screen,Preserved audit decision; text is intentionally not released.
411,ChatGPT,medium,retain,preserved_conservative_content_screen,Preserved audit decision; text is intentionally not released.
412,ChatGPT,medium,retain,preserved_conservative_content_screen,Preserved audit decision; text is intentionally not released.
413,ChatGPT,medium,retain,preserved_conservative_content_screen,Preserved audit decision; text is intentionally not released.
414,ChatGPT,medium,retain,preserved_conservative_content_screen,Preserved audit decision; text is intentionally not released.
415,ChatGPT,medium,retain,preserved_conservative_content_screen,Preserved audit decision; text is intentionally not released.
416,ChatGPT,medium,retain,preserved_conservative_content_screen,Preserved audit decision; text is intentionally not released.
417,ChatGPT,medium,retain,preserved_conservative_content_screen,Preserved audit decision; text is intentionally not released.
418,ChatGPT,medium,retain,preserved_conservative_content_screen,Preserved audit decision; text is intentionally not released.
419,ChatGPT,medium,retain,preserved_conservative_content_screen,Preserved audit decision; text is intentionally not released.
420,ChatGPT,medium,retain,preserved_conservative_content_screen,Preserved audit decision; text is intentionally not released.
421,ChatGPT,medium,retain,preserved_conservative_content_screen,Preserved audit decision; text is intentionally not released.
422,ChatGPT,medium,retain,preserved_conservative_content_screen,Preserved audit decision; text is intentionally not released.
423,ChatGPT,medium,retain,preserved_conservative_content_screen,Preserved audit decision; text is intentionally not released.
424,ChatGPT,medium,retain,preserved_conservative_content_screen,Preserved audit decision; text is intentionally not released.
425,ChatGPT,medium,retain,preserved_conservative_content_screen,Preserved audit decision; text is intentionally not released.
426,ChatGPT,medium,retain,preserved_conservative_content_screen,Preserved audit decision; text is intentionally not released.
427,ChatGPT,medium,exclude_non_ai,preserved_conservative_content_screen,Preserved audit decision; text is intentionally not released.
428,ChatGPT,medium,retain,preserved_conservative_content_screen,Preserved audit decision; text is intentionally not released.
429,ChatGPT,medium,retain,preserved_conservative_content_screen,Preserved audit decision; text is intentionally not released.
430,ChatGPT,medium,retain,preserved_conservative_content_screen,Preserved audit decision; text is intentionally not released.
431,ChatGPT,medium,retain,preserved_conservative_content_screen,Preserved audit decision; text is intentionally not released.
432,ChatGPT,medium,exclude_non_ai,preserved_conservative_content_screen,Preserved audit decision; text is intentionally not released.
433,ChatGPT,medium,retain,preserved_conservative_content_screen,Preserved audit decision; text is intentionally not released.
434,ChatGPT,medium,retain,preserved_conservative_content_screen,Preserved audit decision; text is intentionally not released.
435,ChatGPT,medium,retain,preserved_conservative_content_screen,Preserved audit decision; text is intentionally not released.
436,ChatGPT,medium,retain,preserved_conservative_content_screen,Preserved audit decision; text is intentionally not released.
437,ChatGPT,medium,retain,preserved_conservative_content_screen,Preserved audit decision; text is intentionally not released.
438,ChatGPT,medium,retain,preserved_conservative_content_screen,Preserved audit decision; text is intentionally not released.
439,ChatGPT,medium,retain,preserved_conservative_content_screen,Preserved audit decision; text is intentionally not released.
440,ChatGPT,medium,retain,preserved_conservative_content_screen,Preserved audit decision; text is intentionally not released.
441,ChatGPT,medium,retain,preserved_conservative_content_screen,Preserved audit decision; text is intentionally not released.
442,ChatGPT,medium,retain,preserved_conservative_content_screen,Preserved audit decision; text is intentionally not released.
443,ChatGPT,medium,exclude_non_ai,preserved_conservative_content_screen,Preserved audit decision; text is intentionally not released.
444,ChatGPT,medium,retain,preserved_conservative_content_screen,Preserved audit decision; text is intentionally not released.
445,ChatGPT,medium,retain,preserved_conservative_content_screen,Preserved audit decision; text is intentionally not released.
446,ChatGPT,medium,retain,preserved_conservative_content_screen,Preserved audit decision; text is intentionally not released.
447,ChatGPT,medium,retain,preserved_conservative_content_screen,Preserved audit decision; text is intentionally not released.
448,ChatGPT,medium,retain,preserved_conservative_content_screen,Preserved audit decision; text is intentionally not released.
449,ChatGPT,medium,retain,preserved_conservative_content_screen,Preserved audit decision; text is intentionally not released.
450,ChatGPT,medium,retain,preserved_conservative_content_screen,Preserved audit decision; text is intentionally not released.
451,ChatGPT,medium,retain,preserved_conservative_content_screen,Preserved audit decision; text is intentionally not released.
452,ChatGPT,medium,retain,preserved_conservative_content_screen,Preserved audit decision; text is intentionally not released.
453,ChatGPT,medium,retain,preserved_conservative_content_screen,Preserved audit decision; text is intentionally not released.
454,ChatGPT,medium,retain,preserved_conservative_content_screen,Preserved audit decision; text is intentionally not released.
455,ChatGPT,medium,retain,preserved_conservative_content_screen,Preserved audit decision; text is intentionally not released.
456,ChatGPT,medium,retain,preserved_conservative_content_screen,Preserved audit decision; text is intentionally not released.
457,ChatGPT,medium,retain,preserved_conservative_content_screen,Preserved audit decision; text is intentionally not released.
458,ChatGPT,medium,retain,preserved_conservative_content_screen,Preserved audit decision; text is intentionally not released.
459,ChatGPT,medium,retain,preserved_conservative_content_screen,Preserved audit decision; text is intentionally not released.
460,ChatGPT,medium,retain,preserved_conservative_content_screen,Preserved audit decision; text is intentionally not released.
461,ChatGPT,medium,retain,preserved_conservative_content_screen,Preserved audit decision; text is intentionally not released.
462,ChatGPT,medium,retain,preserved_conservative_content_screen,Preserved audit decision; text is intentionally not released.
463,ChatGPT,medium,retain,preserved_conservative_content_screen,Preserved audit decision; text is intentionally not released.
464,ChatGPT,medium,retain,preserved_conservative_content_screen,Preserved audit decision; text is intentionally not released.
465,ChatGPT,medium,retain,preserved_conservative_content_screen,Preserved audit decision; text is intentionally not released.
466,ChatGPT,medium,exclude_non_ai,preserved_conservative_content_screen,Preserved audit decision; text is intentionally not released.
467,ChatGPT,medium,retain,preserved_conservative_content_screen,Preserved audit decision; text is intentionally not released.
468,ChatGPT,medium,retain,preserved_conservative_content_screen,Preserved audit decision; text is intentionally not released.
469,ChatGPT,medium,retain,preserved_conservative_content_screen,Preserved audit decision; text is intentionally not released.
470,ChatGPT,medium,retain,preserved_conservative_content_screen,Preserved audit decision; text is intentionally not released.
471,ChatGPT,medium,retain,preserved_conservative_content_screen,Preserved audit decision; text is intentionally not released.
472,ChatGPT,medium,retain,preserved_conservative_content_screen,Preserved audit decision; text is intentionally not released.
473,ChatGPT,medium,exclude_non_ai,preserved_conservative_content_screen,Preserved audit decision; text is intentionally not released.
474,ChatGPT,medium,retain,preserved_conservative_content_screen,Preserved audit decision; text is intentionally not released.
475,ChatGPT,medium,retain,preserved_conservative_content_screen,Preserved audit decision; text is intentionally not released.
476,ChatGPT,medium,retain,preserved_conservative_content_screen,Preserved audit decision; text is intentionally not released.
477,ChatGPT,medium,exclude_non_ai,preserved_conservative_content_screen,Preserved audit decision; text is intentionally not released.
478,ChatGPT,medium,retain,preserved_conservative_content_screen,Preserved audit decision; text is intentionally not released.
479,ChatGPT,medium,retain,preserved_conservative_content_screen,Preserved audit decision; text is intentionally not released.
480,ChatGPT,medium,retain,preserved_conservative_content_screen,Preserved audit decision; text is intentionally not released.
481,ChatGPT,medium,retain,preserved_conservative_content_screen,Preserved audit decision; text is intentionally not released.
482,ChatGPT,medium,retain,preserved_conservative_content_screen,Preserved audit decision; text is intentionally not released.
483,ChatGPT,medium,retain,preserved_conservative_content_screen,Preserved audit decision; text is intentionally not released.
484,ChatGPT,medium,retain,preserved_conservative_content_screen,Preserved audit decision; text is intentionally not released.
485,ChatGPT,medium,retain,preserved_conservative_content_screen,Preserved audit decision; text is intentionally not released.
486,ChatGPT,medium,retain,preserved_conservative_content_screen,Preserved audit decision; text is intentionally not released.
487,ChatGPT,medium,retain,preserved_conservative_content_screen,Preserved audit decision; text is intentionally not released.
488,ChatGPT,medium,retain,preserved_conservative_content_screen,Preserved audit decision; text is intentionally not released.
489,ChatGPT,medium,retain,preserved_conservative_content_screen,Preserved audit decision; text is intentionally not released.
490,ChatGPT,medium,retain,preserved_conservative_content_screen,Preserved audit decision; text is intentionally not released.
491,ChatGPT,medium,retain,preserved_conservative_content_screen,Preserved audit decision; text is intentionally not released.
492,ChatGPT,medium,retain,preserved_conservative_content_screen,Preserved audit decision; text is intentionally not released.
493,ChatGPT,medium,retain,preserved_conservative_content_screen,Preserved audit decision; text is intentionally not released.
494,ChatGPT,medium,retain,preserved_conservative_content_screen,Preserved audit decision; text is intentionally not released.
495,ChatGPT,medium,retain,preserved_conservative_content_screen,Preserved audit decision; text is intentionally not released.
496,ChatGPT,medium,retain,preserved_conservative_content_screen,Preserved audit decision; text is intentionally not released.
497,ChatGPT,medium,retain,preserved_conservative_content_screen,Preserved audit decision; text is intentionally not released.
498,ChatGPT,medium,retain,preserved_conservative_content_screen,Preserved audit decision; text is intentionally not released.
499,ChatGPT,medium,exclude_non_ai,preserved_conservative_content_screen,Preserved audit decision; text is intentionally not released.
500,ChatGPT,medium,retain,preserved_conservative_content_screen,Preserved audit decision; text is intentionally not released.
501,ChatGPT,medium,retain,preserved_conservative_content_screen,Preserved audit decision; text is intentionally not released.
502,ChatGPT,medium,retain,preserved_conservative_content_screen,Preserved audit decision; text is intentionally not released.
503,ChatGPT,medium,retain,preserved_conservative_content_screen,Preserved audit decision; text is intentionally not released.
504,ChatGPT,medium,retain,preserved_conservative_content_screen,Preserved audit decision; text is intentionally not released.
505,ChatGPT,medium,retain,preserved_conservative_content_screen,Preserved audit decision; text is intentionally not released.
506,ChatGPT,medium,retain,preserved_conservative_content_screen,Preserved audit decision; text is intentionally not released.
507,ChatGPT,medium,retain,preserved_conservative_content_screen,Preserved audit decision; text is intentionally not released.
508,ChatGPT,medium,retain,preserved_conservative_content_screen,Preserved audit decision; text is intentionally not released.
509,ChatGPT,medium,retain,preserved_conservative_content_screen,Preserved audit decision; text is intentionally not released.
510,ChatGPT,medium,exclude_non_ai,preserved_conservative_content_screen,Preserved audit decision; text is intentionally not released.
511,ChatGPT,medium,retain,preserved_conservative_content_screen,Preserved audit decision; text is intentionally not released.
512,ChatGPT,medium,retain,preserved_conservative_content_screen,Preserved audit decision; text is intentionally not released.
513,ChatGPT,medium,retain,preserved_conservative_content_screen,Preserved audit decision; text is intentionally not released.
514,ChatGPT,medium,exclude_non_ai,preserved_conservative_content_screen,Preserved audit decision; text is intentionally not released.
515,ChatGPT,medium,retain,preserved_conservative_content_screen,Preserved audit decision; text is intentionally not released.
516,ChatGPT,medium,retain,preserved_conservative_content_screen,Preserved audit decision; text is intentionally not released.
517,ChatGPT,medium,exclude_non_ai,preserved_conservative_content_screen,Preserved audit decision; text is intentionally not released.
518,ChatGPT,medium,retain,preserved_conservative_content_screen,Preserved audit decision; text is intentionally not released.
519,ChatGPT,medium,retain,preserved_conservative_content_screen,Preserved audit decision; text is intentionally not released.
520,ChatGPT,medium,retain,preserved_conservative_content_screen,Preserved audit decision; text is intentionally not released.
521,ChatGPT,medium,retain,preserved_conservative_content_screen,Preserved audit decision; text is intentionally not released.
522,ChatGPT,medium,retain,preserved_conservative_content_screen,Preserved audit decision; text is intentionally not released.
523,ChatGPT,medium,retain,preserved_conservative_content_screen,Preserved audit decision; text is intentionally not released.
524,ChatGPT,medium,retain,preserved_conservative_content_screen,Preserved audit decision; text is intentionally not released.
525,ChatGPT,medium,retain,preserved_conservative_content_screen,Preserved audit decision; text is intentionally not released.
526,ChatGPT,medium,retain,preserved_conservative_content_screen,Preserved audit decision; text is intentionally not released.
527,ChatGPT,medium,retain,preserved_conservative_content_screen,Preserved audit decision; text is intentionally not released.
528,ChatGPT,medium,retain,preserved_conservative_content_screen,Preserved audit decision; text is intentionally not released.
529,ChatGPT,medium,retain,preserved_conservative_content_screen,Preserved audit decision; text is intentionally not released.
530,ChatGPT,medium,retain,preserved_conservative_content_screen,Preserved audit decision; text is intentionally not released.
531,ChatGPT,medium,retain,preserved_conservative_content_screen,Preserved audit decision; text is intentionally not released.
532,ChatGPT,medium,retain,preserved_conservative_content_screen,Preserved audit decision; text is intentionally not released.
533,ChatGPT,medium,retain,preserved_conservative_content_screen,Preserved audit decision; text is intentionally not released.
534,ChatGPT,medium,retain,preserved_conservative_content_screen,Preserved audit decision; text is intentionally not released.
535,ChatGPT,medium,retain,preserved_conservative_content_screen,Preserved audit decision; text is intentionally not released.
536,ChatGPT,medium,retain,preserved_conservative_content_screen,Preserved audit decision; text is intentionally not released.
537,ChatGPT,medium,retain,preserved_conservative_content_screen,Preserved audit decision; text is intentionally not released.
538,ChatGPT,medium,retain,preserved_conservative_content_screen,Preserved audit decision; text is intentionally not released.
539,ChatGPT,medium,retain,preserved_conservative_content_screen,Preserved audit decision; text is intentionally not released.
540,ChatGPT,medium,retain,preserved_conservative_content_screen,Preserved audit decision; text is intentionally not released.
541,ChatGPT,medium,retain,preserved_conservative_content_screen,Preserved audit decision; text is intentionally not released.
542,ChatGPT,medium,retain,preserved_conservative_content_screen,Preserved audit decision; text is intentionally not released.
543,ChatGPT,medium,retain,preserved_conservative_content_screen,Preserved audit decision; text is intentionally not released.
544,ChatGPT,medium,exclude_non_ai,preserved_conservative_content_screen,Preserved audit decision; text is intentionally not released.
545,ChatGPT,medium,retain,preserved_conservative_content_screen,Preserved audit decision; text is intentionally not released.
546,ChatGPT,medium,exclude_non_ai,preserved_conservative_content_screen,Preserved audit decision; text is intentionally not released.
547,ChatGPT,medium,retain,preserved_conservative_content_screen,Preserved audit decision; text is intentionally not released.
548,ChatGPT,medium,retain,preserved_conservative_content_screen,Preserved audit decision; text is intentionally not released.
549,ChatGPT,medium,retain,preserved_conservative_content_screen,Preserved audit decision; text is intentionally not released.
550,ChatGPT,medium,retain,preserved_conservative_content_screen,Preserved audit decision; text is intentionally not released.
551,ChatGPT,medium,retain,preserved_conservative_content_screen,Preserved audit decision; text is intentionally not released.
552,ChatGPT,medium,retain,preserved_conservative_content_screen,Preserved audit decision; text is intentionally not released.
553,ChatGPT,medium,retain,preserved_conservative_content_screen,Preserved audit decision; text is intentionally not released.
554,ChatGPT,medium,retain,preserved_conservative_content_screen,Preserved audit decision; text is intentionally not released.
555,ChatGPT,medium,retain,preserved_conservative_content_screen,Preserved audit decision; text is intentionally not released.
556,ChatGPT,medium,retain,preserved_conservative_content_screen,Preserved audit decision; text is intentionally not released.
557,ChatGPT,medium,retain,preserved_conservative_content_screen,Preserved audit decision; text is intentionally not released.
558,ChatGPT,medium,exclude_non_ai,preserved_conservative_content_screen,Preserved audit decision; text is intentionally not released.
559,ChatGPT,medium,retain,preserved_conservative_content_screen,Preserved audit decision; text is intentionally not released.
560,ChatGPT,medium,retain,preserved_conservative_content_screen,Preserved audit decision; text is intentionally not released.
561,ChatGPT,medium,retain,preserved_conservative_content_screen,Preserved audit decision; text is intentionally not released.
562,ChatGPT,medium,retain,preserved_conservative_content_screen,Preserved audit decision; text is intentionally not released.
563,ChatGPT,medium,exclude_non_ai,preserved_conservative_content_screen,Preserved audit decision; text is intentionally not released.
564,ChatGPT,medium,retain,preserved_conservative_content_screen,Preserved audit decision; text is intentionally not released.
565,ChatGPT,medium,retain,preserved_conservative_content_screen,Preserved audit decision; text is intentionally not released.
566,ChatGPT,medium,exclude_non_ai,preserved_conservative_content_screen,Preserved audit decision; text is intentionally not released.
567,ChatGPT,medium,retain,preserved_conservative_content_screen,Preserved audit decision; text is intentionally not released.
568,ChatGPT,medium,retain,preserved_conservative_content_screen,Preserved audit decision; text is intentionally not released.
569,ChatGPT,medium,retain,preserved_conservative_content_screen,Preserved audit decision; text is intentionally not released.
570,ChatGPT,medium,retain,preserved_conservative_content_screen,Preserved audit decision; text is intentionally not released.
571,ChatGPT,medium,retain,preserved_conservative_content_screen,Preserved audit decision; text is intentionally not released.
572,ChatGPT,medium,retain,preserved_conservative_content_screen,Preserved audit decision; text is intentionally not released.
573,ChatGPT,medium,retain,preserved_conservative_content_screen,Preserved audit decision; text is intentionally not released.
574,ChatGPT,medium,retain,preserved_conservative_content_screen,Preserved audit decision; text is intentionally not released.
575,ChatGPT,medium,retain,preserved_conservative_content_screen,Preserved audit decision; text is intentionally not released.
576,ChatGPT,medium,retain,preserved_conservative_content_screen,Preserved audit decision; text is intentionally not released.
577,ChatGPT,medium,retain,preserved_conservative_content_screen,Preserved audit decision; text is intentionally not released.
578,ChatGPT,medium,retain,preserved_conservative_content_screen,Preserved audit decision; text is intentionally not released.
579,ChatGPT,medium,retain,preserved_conservative_content_screen,Preserved audit decision; text is intentionally not released.
580,ChatGPT,medium,retain,preserved_conservative_content_screen,Preserved audit decision; text is intentionally not released.
581,ChatGPT,medium,retain,preserved_conservative_content_screen,Preserved audit decision; text is intentionally not released.
582,ChatGPT,medium,retain,preserved_conservative_content_screen,Preserved audit decision; text is intentionally not released.
583,ChatGPT,medium,retain,preserved_conservative_content_screen,Preserved audit decision; text is intentionally not released.
584,ChatGPT,medium,retain,preserved_conservative_content_screen,Preserved audit decision; text is intentionally not released.
585,ChatGPT,medium,retain,preserved_conservative_content_screen,Preserved audit decision; text is intentionally not released.
586,ChatGPT,medium,retain,preserved_conservative_content_screen,Preserved audit decision; text is intentionally not released.
587,ChatGPT,medium,retain,preserved_conservative_content_screen,Preserved audit decision; text is intentionally not released.
588,ChatGPT,medium,retain,preserved_conservative_content_screen,Preserved audit decision; text is intentionally not released.
589,ChatGPT,medium,retain,preserved_conservative_content_screen,Preserved audit decision; text is intentionally not released.
590,ChatGPT,medium,retain,preserved_conservative_content_screen,Preserved audit decision; text is intentionally not released.
591,ChatGPT,medium,retain,preserved_conservative_content_screen,Preserved audit decision; text is intentionally not released.
592,ChatGPT,medium,retain,preserved_conservative_content_screen,Preserved audit decision; text is intentionally not released.
593,ChatGPT,medium,exclude_non_ai,preserved_conservative_content_screen,Preserved audit decision; text is intentionally not released.
594,ChatGPT,medium,retain,preserved_conservative_content_screen,Preserved audit decision; text is intentionally not released.
595,ChatGPT,medium,retain,preserved_conservative_content_screen,Preserved audit decision; text is intentionally not released.
596,ChatGPT,medium,retain,preserved_conservative_content_screen,Preserved audit decision; text is intentionally not released.
597,ChatGPT,medium,exclude_non_ai,preserved_conservative_content_screen,Preserved audit decision; text is intentionally not released.
598,ChatGPT,medium,retain,preserved_conservative_content_screen,Preserved audit decision; text is intentionally not released.
599,ChatGPT,medium,retain,preserved_conservative_content_screen,Preserved audit decision; text is intentionally not released.
600,ChatGPT,medium,retain,preserved_conservative_content_screen,Preserved audit decision; text is intentionally not released.
601,learnmachinelearning,medium,retain,preserved_conservative_content_screen,Preserved audit decision; text is intentionally not released.
602,learnmachinelearning,medium,retain,preserved_conservative_content_screen,Preserved audit decision; text is intentionally not released.
603,learnmachinelearning,medium,retain,preserved_conservative_content_screen,Preserved audit decision; text is intentionally not released.
604,learnmachinelearning,medium,retain,preserved_conservative_content_screen,Preserved audit decision; text is intentionally not released.
605,learnmachinelearning,medium,retain,preserved_conservative_content_screen,Preserved audit decision; text is intentionally not released.
606,learnmachinelearning,medium,retain,preserved_conservative_content_screen,Preserved audit decision; text is intentionally not released.
607,learnmachinelearning,medium,retain,preserved_conservative_content_screen,Preserved audit decision; text is intentionally not released.
608,learnmachinelearning,medium,retain,preserved_conservative_content_screen,Preserved audit decision; text is intentionally not released.
609,learnmachinelearning,medium,retain,preserved_conservative_content_screen,Preserved audit decision; text is intentionally not released.
610,learnmachinelearning,medium,retain,preserved_conservative_content_screen,Preserved audit decision; text is intentionally not released.
611,learnmachinelearning,medium,retain,preserved_conservative_content_screen,Preserved audit decision; text is intentionally not released.
612,learnmachinelearning,medium,retain,preserved_conservative_content_screen,Preserved audit decision; text is intentionally not released.
613,learnmachinelearning,medium,retain,preserved_conservative_content_screen,Preserved audit decision; text is intentionally not released.
614,learnmachinelearning,medium,retain,preserved_conservative_content_screen,Preserved audit decision; text is intentionally not released.
615,learnmachinelearning,medium,retain,preserved_conservative_content_screen,Preserved audit decision; text is intentionally not released.
616,learnmachinelearning,medium,retain,preserved_conservative_content_screen,Preserved audit decision; text is intentionally not released.
617,learnmachinelearning,medium,retain,preserved_conservative_content_screen,Preserved audit decision; text is intentionally not released.
618,learnmachinelearning,medium,retain,preserved_conservative_content_screen,Preserved audit decision; text is intentionally not released.
619,learnmachinelearning,medium,retain,preserved_conservative_content_screen,Preserved audit decision; text is intentionally not released.
620,learnmachinelearning,medium,retain,preserved_conservative_content_screen,Preserved audit decision; text is intentionally not released.
621,learnmachinelearning,medium,retain,preserved_conservative_content_screen,Preserved audit decision; text is intentionally not released.
622,learnmachinelearning,medium,retain,preserved_conservative_content_screen,Preserved audit decision; text is intentionally not released.
623,learnmachinelearning,medium,retain,preserved_conservative_content_screen,Preserved audit decision; text is intentionally not released.
624,learnmachinelearning,medium,retain,preserved_conservative_content_screen,Preserved audit decision; text is intentionally not released.
625,learnmachinelearning,medium,retain,preserved_conservative_content_screen,Preserved audit decision; text is intentionally not released.
626,learnmachinelearning,medium,retain,preserved_conservative_content_screen,Preserved audit decision; text is intentionally not released.
627,learnmachinelearning,medium,retain,preserved_conservative_content_screen,Preserved audit decision; text is intentionally not released.
628,learnmachinelearning,medium,retain,preserved_conservative_content_screen,Preserved audit decision; text is intentionally not released.
629,learnmachinelearning,medium,exclude_non_ai,preserved_conservative_content_screen,Preserved audit decision; text is intentionally not released.
630,learnmachinelearning,medium,retain,preserved_conservative_content_screen,Preserved audit decision; text is intentionally not released.
631,learnmachinelearning,medium,retain,preserved_conservative_content_screen,Preserved audit decision; text is intentionally not released.
632,learnmachinelearning,medium,retain,preserved_conservative_content_screen,Preserved audit decision; text is intentionally not released.
633,learnmachinelearning,medium,retain,preserved_conservative_content_screen,Preserved audit decision; text is intentionally not released.
634,learnmachinelearning,medium,retain,preserved_conservative_content_screen,Preserved audit decision; text is intentionally not released.
635,learnmachinelearning,medium,retain,preserved_conservative_content_screen,Preserved audit decision; text is intentionally not released.
636,learnmachinelearning,medium,retain,preserved_conservative_content_screen,Preserved audit decision; text is intentionally not released.
637,learnmachinelearning,medium,retain,preserved_conservative_content_screen,Preserved audit decision; text is intentionally not released.
638,learnmachinelearning,medium,exclude_non_ai,preserved_conservative_content_screen,Preserved audit decision; text is intentionally not released.
639,learnmachinelearning,medium,retain,preserved_conservative_content_screen,Preserved audit decision; text is intentionally not released.
640,learnmachinelearning,medium,retain,preserved_conservative_content_screen,Preserved audit decision; text is intentionally not released.
641,learnmachinelearning,medium,retain,preserved_conservative_content_screen,Preserved audit decision; text is intentionally not released.
642,learnmachinelearning,medium,retain,preserved_conservative_content_screen,Preserved audit decision; text is intentionally not released.
643,learnmachinelearning,medium,retain,preserved_conservative_content_screen,Preserved audit decision; text is intentionally not released.
644,learnmachinelearning,medium,retain,preserved_conservative_content_screen,Preserved audit decision; text is intentionally not released.
645,learnmachinelearning,medium,retain,preserved_conservative_content_screen,Preserved audit decision; text is intentionally not released.
646,learnmachinelearning,medium,retain,preserved_conservative_content_screen,Preserved audit decision; text is intentionally not released.
647,learnmachinelearning,medium,retain,preserved_conservative_content_screen,Preserved audit decision; text is intentionally not released.
648,learnmachinelearning,medium,exclude_non_ai,preserved_conservative_content_screen,Preserved audit decision; text is intentionally not released.
649,learnmachinelearning,medium,retain,preserved_conservative_content_screen,Preserved audit decision; text is intentionally not released.
650,learnmachinelearning,medium,retain,preserved_conservative_content_screen,Preserved audit decision; text is intentionally not released.
651,learnmachinelearning,medium,retain,preserved_conservative_content_screen,Preserved audit decision; text is intentionally not released.
652,learnmachinelearning,medium,retain,preserved_conservative_content_screen,Preserved audit decision; text is intentionally not released.
653,learnmachinelearning,medium,exclude_non_ai,preserved_conservative_content_screen,Preserved audit decision; text is intentionally not released.
654,learnmachinelearning,medium,retain,preserved_conservative_content_screen,Preserved audit decision; text is intentionally not released.
655,learnmachinelearning,medium,retain,preserved_conservative_content_screen,Preserved audit decision; text is intentionally not released.
656,learnmachinelearning,medium,retain,preserved_conservative_content_screen,Preserved audit decision; text is intentionally not released.
657,learnmachinelearning,medium,retain,preserved_conservative_content_screen,Preserved audit decision; text is intentionally not released.
658,learnmachinelearning,medium,retain,preserved_conservative_content_screen,Preserved audit decision; text is intentionally not released.
659,learnmachinelearning,medium,retain,preserved_conservative_content_screen,Preserved audit decision; text is intentionally not released.
660,learnmachinelearning,medium,retain,preserved_conservative_content_screen,Preserved audit decision; text is intentionally not released.
661,learnmachinelearning,medium,retain,preserved_conservative_content_screen,Preserved audit decision; text is intentionally not released.
662,learnmachinelearning,medium,retain,preserved_conservative_content_screen,Preserved audit decision; text is intentionally not released.
663,learnmachinelearning,medium,exclude_non_ai,preserved_conservative_content_screen,Preserved audit decision; text is intentionally not released.
664,learnmachinelearning,medium,retain,preserved_conservative_content_screen,Preserved audit decision; text is intentionally not released.
665,learnmachinelearning,medium,retain,preserved_conservative_content_screen,Preserved audit decision; text is intentionally not released.
666,learnmachinelearning,medium,retain,preserved_conservative_content_screen,Preserved audit decision; text is intentionally not released.
667,learnmachinelearning,medium,retain,preserved_conservative_content_screen,Preserved audit decision; text is intentionally not released.
668,learnmachinelearning,medium,retain,preserved_conservative_content_screen,Preserved audit decision; text is intentionally not released.
669,learnmachinelearning,medium,retain,preserved_conservative_content_screen,Preserved audit decision; text is intentionally not released.
670,learnmachinelearning,medium,retain,preserved_conservative_content_screen,Preserved audit decision; text is intentionally not released.
671,learnmachinelearning,medium,retain,preserved_conservative_content_screen,Preserved audit decision; text is intentionally not released.
672,learnmachinelearning,medium,exclude_non_ai,preserved_conservative_content_screen,Preserved audit decision; text is intentionally not released.
673,learnmachinelearning,medium,retain,preserved_conservative_content_screen,Preserved audit decision; text is intentionally not released.
674,learnmachinelearning,medium,retain,preserved_conservative_content_screen,Preserved audit decision; text is intentionally not released.
675,learnmachinelearning,medium,retain,preserved_conservative_content_screen,Preserved audit decision; text is intentionally not released.
676,learnmachinelearning,medium,retain,preserved_conservative_content_screen,Preserved audit decision; text is intentionally not released.
677,learnmachinelearning,medium,retain,preserved_conservative_content_screen,Preserved audit decision; text is intentionally not released.
678,learnmachinelearning,medium,retain,preserved_conservative_content_screen,Preserved audit decision; text is intentionally not released.
679,learnmachinelearning,medium,retain,preserved_conservative_content_screen,Preserved audit decision; text is intentionally not released.
680,learnmachinelearning,medium,retain,preserved_conservative_content_screen,Preserved audit decision; text is intentionally not released.
681,learnmachinelearning,medium,retain,preserved_conservative_content_screen,Preserved audit decision; text is intentionally not released.
682,learnmachinelearning,medium,retain,preserved_conservative_content_screen,Preserved audit decision; text is intentionally not released.
683,learnmachinelearning,medium,retain,preserved_conservative_content_screen,Preserved audit decision; text is intentionally not released.
684,learnmachinelearning,medium,retain,preserved_conservative_content_screen,Preserved audit decision; text is intentionally not released.
685,learnmachinelearning,medium,retain,preserved_conservative_content_screen,Preserved audit decision; text is intentionally not released.
686,learnmachinelearning,medium,retain,preserved_conservative_content_screen,Preserved audit decision; text is intentionally not released.
687,learnmachinelearning,medium,retain,preserved_conservative_content_screen,Preserved audit decision; text is intentionally not released.
688,learnmachinelearning,medium,retain,preserved_conservative_content_screen,Preserved audit decision; text is intentionally not released.
689,learnmachinelearning,medium,retain,preserved_conservative_content_screen,Preserved audit decision; text is intentionally not released.
690,learnmachinelearning,medium,retain,preserved_conservative_content_screen,Preserved audit decision; text is intentionally not released.
691,learnmachinelearning,medium,retain,preserved_conservative_content_screen,Preserved audit decision; text is intentionally not released.
692,learnmachinelearning,medium,retain,preserved_conservative_content_screen,Preserved audit decision; text is intentionally not released.
693,learnmachinelearning,medium,retain,preserved_conservative_content_screen,Preserved audit decision; text is intentionally not released.
694,learnmachinelearning,medium,retain,preserved_conservative_content_screen,Preserved audit decision; text is intentionally not released.
695,learnmachinelearning,medium,retain,preserved_conservative_content_screen,Preserved audit decision; text is intentionally not released.
696,learnmachinelearning,medium,retain,preserved_conservative_content_screen,Preserved audit decision; text is intentionally not released.
697,learnmachinelearning,medium,retain,preserved_conservative_content_screen,Preserved audit decision; text is intentionally not released.
698,learnmachinelearning,medium,retain,preserved_conservative_content_screen,Preserved audit decision; text is intentionally not released.
699,learnmachinelearning,medium,retain,preserved_conservative_content_screen,Preserved audit decision; text is intentionally not released.
700,learnmachinelearning,medium,retain,preserved_conservative_content_screen,Preserved audit decision; text is intentionally not released.
701,learnmachinelearning,medium,retain,preserved_conservative_content_screen,Preserved audit decision; text is intentionally not released.
702,learnmachinelearning,medium,retain,preserved_conservative_content_screen,Preserved audit decision; text is intentionally not released.
703,learnmachinelearning,medium,retain,preserved_conservative_content_screen,Preserved audit decision; text is intentionally not released.
704,learnmachinelearning,medium,retain,preserved_conservative_content_screen,Preserved audit decision; text is intentionally not released.
705,learnmachinelearning,medium,retain,preserved_conservative_content_screen,Preserved audit decision; text is intentionally not released.
706,learnmachinelearning,medium,retain,preserved_conservative_content_screen,Preserved audit decision; text is intentionally not released.
707,learnmachinelearning,medium,retain,preserved_conservative_content_screen,Preserved audit decision; text is intentionally not released.
708,learnmachinelearning,medium,retain,preserved_conservative_content_screen,Preserved audit decision; text is intentionally not released.
709,learnmachinelearning,medium,retain,preserved_conservative_content_screen,Preserved audit decision; text is intentionally not released.
710,learnmachinelearning,medium,retain,preserved_conservative_content_screen,Preserved audit decision; text is intentionally not released.
711,learnmachinelearning,medium,retain,preserved_conservative_content_screen,Preserved audit decision; text is intentionally not released.
712,learnmachinelearning,medium,retain,preserved_conservative_content_screen,Preserved audit decision; text is intentionally not released.
713,learnmachinelearning,medium,retain,preserved_conservative_content_screen,Preserved audit decision; text is intentionally not released.
714,learnmachinelearning,medium,retain,preserved_conservative_content_screen,Preserved audit decision; text is intentionally not released.
715,learnmachinelearning,medium,retain,preserved_conservative_content_screen,Preserved audit decision; text is intentionally not released.
716,learnmachinelearning,medium,retain,preserved_conservative_content_screen,Preserved audit decision; text is intentionally not released.
717,learnmachinelearning,medium,retain,preserved_conservative_content_screen,Preserved audit decision; text is intentionally not released.
718,learnmachinelearning,medium,retain,preserved_conservative_content_screen,Preserved audit decision; text is intentionally not released.
719,learnmachinelearning,medium,retain,preserved_conservative_content_screen,Preserved audit decision; text is intentionally not released.
720,learnmachinelearning,medium,retain,preserved_conservative_content_screen,Preserved audit decision; text is intentionally not released.
721,learnmachinelearning,medium,retain,preserved_conservative_content_screen,Preserved audit decision; text is intentionally not released.
722,learnmachinelearning,medium,retain,preserved_conservative_content_screen,Preserved audit decision; text is intentionally not released.
723,learnmachinelearning,medium,retain,preserved_conservative_content_screen,Preserved audit decision; text is intentionally not released.
724,learnmachinelearning,medium,retain,preserved_conservative_content_screen,Preserved audit decision; text is intentionally not released.
725,learnmachinelearning,medium,retain,preserved_conservative_content_screen,Preserved audit decision; text is intentionally not released.
726,learnmachinelearning,medium,retain,preserved_conservative_content_screen,Preserved audit decision; text is intentionally not released.
727,learnmachinelearning,medium,retain,preserved_conservative_content_screen,Preserved audit decision; text is intentionally not released.
728,learnmachinelearning,medium,retain,preserved_conservative_content_screen,Preserved audit decision; text is intentionally not released.
729,learnmachinelearning,medium,retain,preserved_conservative_content_screen,Preserved audit decision; text is intentionally not released.
730,learnmachinelearning,medium,retain,preserved_conservative_content_screen,Preserved audit decision; text is intentionally not released.
731,learnmachinelearning,medium,retain,preserved_conservative_content_screen,Preserved audit decision; text is intentionally not released.
732,learnmachinelearning,medium,retain,preserved_conservative_content_screen,Preserved audit decision; text is intentionally not released.
733,learnmachinelearning,medium,retain,preserved_conservative_content_screen,Preserved audit decision; text is intentionally not released.
734,learnmachinelearning,medium,retain,preserved_conservative_content_screen,Preserved audit decision; text is intentionally not released.
735,learnmachinelearning,medium,retain,preserved_conservative_content_screen,Preserved audit decision; text is intentionally not released.
736,learnmachinelearning,medium,retain,preserved_conservative_content_screen,Preserved audit decision; text is intentionally not released.
737,learnmachinelearning,medium,retain,preserved_conservative_content_screen,Preserved audit decision; text is intentionally not released.
738,learnmachinelearning,medium,retain,preserved_conservative_content_screen,Preserved audit decision; text is intentionally not released.
739,learnmachinelearning,medium,retain,preserved_conservative_content_screen,Preserved audit decision; text is intentionally not released.
740,learnmachinelearning,medium,retain,preserved_conservative_content_screen,Preserved audit decision; text is intentionally not released.
741,learnmachinelearning,medium,retain,preserved_conservative_content_screen,Preserved audit decision; text is intentionally not released.
742,learnmachinelearning,medium,retain,preserved_conservative_content_screen,Preserved audit decision; text is intentionally not released.
743,learnmachinelearning,medium,exclude_non_ai,preserved_conservative_content_screen,Preserved audit decision; text is intentionally not released.
744,learnmachinelearning,medium,retain,preserved_conservative_content_screen,Preserved audit decision; text is intentionally not released.
745,learnmachinelearning,medium,retain,preserved_conservative_content_screen,Preserved audit decision; text is intentionally not released.
746,learnmachinelearning,medium,retain,preserved_conservative_content_screen,Preserved audit decision; text is intentionally not released.
747,learnmachinelearning,medium,retain,preserved_conservative_content_screen,Preserved audit decision; text is intentionally not released.
748,learnmachinelearning,medium,retain,preserved_conservative_content_screen,Preserved audit decision; text is intentionally not released.
749,learnmachinelearning,medium,retain,preserved_conservative_content_screen,Preserved audit decision; text is intentionally not released.
750,learnmachinelearning,medium,retain,preserved_conservative_content_screen,Preserved audit decision; text is intentionally not released.
751,learnmachinelearning,medium,retain,preserved_conservative_content_screen,Preserved audit decision; text is intentionally not released.
752,learnmachinelearning,medium,retain,preserved_conservative_content_screen,Preserved audit decision; text is intentionally not released.
753,learnmachinelearning,medium,retain,preserved_conservative_content_screen,Preserved audit decision; text is intentionally not released.
754,learnmachinelearning,medium,retain,preserved_conservative_content_screen,Preserved audit decision; text is intentionally not released.
755,learnmachinelearning,medium,retain,preserved_conservative_content_screen,Preserved audit decision; text is intentionally not released.
756,learnmachinelearning,medium,exclude_non_ai,preserved_conservative_content_screen,Preserved audit decision; text is intentionally not released.
757,learnmachinelearning,medium,retain,preserved_conservative_content_screen,Preserved audit decision; text is intentionally not released.
758,learnmachinelearning,medium,retain,preserved_conservative_content_screen,Preserved audit decision; text is intentionally not released.
759,learnmachinelearning,medium,exclude_non_ai,preserved_conservative_content_screen,Preserved audit decision; text is intentionally not released.
760,learnmachinelearning,medium,retain,preserved_conservative_content_screen,Preserved audit decision; text is intentionally not released.
761,learnmachinelearning,medium,retain,preserved_conservative_content_screen,Preserved audit decision; text is intentionally not released.
762,learnmachinelearning,medium,retain,preserved_conservative_content_screen,Preserved audit decision; text is intentionally not released.
763,learnmachinelearning,medium,retain,preserved_conservative_content_screen,Preserved audit decision; text is intentionally not released.
764,learnmachinelearning,medium,retain,preserved_conservative_content_screen,Preserved audit decision; text is intentionally not released.
765,learnmachinelearning,medium,retain,preserved_conservative_content_screen,Preserved audit decision; text is intentionally not released.
766,learnmachinelearning,medium,retain,preserved_conservative_content_screen,Preserved audit decision; text is intentionally not released.
767,learnmachinelearning,medium,retain,preserved_conservative_content_screen,Preserved audit decision; text is intentionally not released.
768,learnmachinelearning,medium,retain,preserved_conservative_content_screen,Preserved audit decision; text is intentionally not released.
769,learnmachinelearning,medium,exclude_non_ai,preserved_conservative_content_screen,Preserved audit decision; text is intentionally not released.
770,learnmachinelearning,medium,retain,preserved_conservative_content_screen,Preserved audit decision; text is intentionally not released.
771,learnmachinelearning,medium,retain,preserved_conservative_content_screen,Preserved audit decision; text is intentionally not released.
772,learnmachinelearning,medium,retain,preserved_conservative_content_screen,Preserved audit decision; text is intentionally not released.
773,learnmachinelearning,medium,retain,preserved_conservative_content_screen,Preserved audit decision; text is intentionally not released.
774,learnmachinelearning,medium,retain,preserved_conservative_content_screen,Preserved audit decision; text is intentionally not released.
775,learnmachinelearning,medium,retain,preserved_conservative_content_screen,Preserved audit decision; text is intentionally not released.
776,learnmachinelearning,medium,retain,preserved_conservative_content_screen,Preserved audit decision; text is intentionally not released.
777,learnmachinelearning,medium,retain,preserved_conservative_content_screen,Preserved audit decision; text is intentionally not released.
778,learnmachinelearning,medium,retain,preserved_conservative_content_screen,Preserved audit decision; text is intentionally not released.
779,learnmachinelearning,medium,retain,preserved_conservative_content_screen,Preserved audit decision; text is intentionally not released.
780,learnmachinelearning,medium,retain,preserved_conservative_content_screen,Preserved audit decision; text is intentionally not released.
781,learnmachinelearning,medium,retain,preserved_conservative_content_screen,Preserved audit decision; text is intentionally not released.
782,learnmachinelearning,medium,exclude_non_ai,preserved_conservative_content_screen,Preserved audit decision; text is intentionally not released.
783,learnmachinelearning,medium,retain,preserved_conservative_content_screen,Preserved audit decision; text is intentionally not released.
784,learnmachinelearning,medium,retain,preserved_conservative_content_screen,Preserved audit decision; text is intentionally not released.
785,learnmachinelearning,medium,retain,preserved_conservative_content_screen,Preserved audit decision; text is intentionally not released.
786,learnmachinelearning,medium,retain,preserved_conservative_content_screen,Preserved audit decision; text is intentionally not released.
787,learnmachinelearning,medium,retain,preserved_conservative_content_screen,Preserved audit decision; text is intentionally not released.
788,learnmachinelearning,medium,retain,preserved_conservative_content_screen,Preserved audit decision; text is intentionally not released.
789,learnmachinelearning,medium,retain,preserved_conservative_content_screen,Preserved audit decision; text is intentionally not released.
790,learnmachinelearning,medium,retain,preserved_conservative_content_screen,Preserved audit decision; text is intentionally not released.
791,learnmachinelearning,medium,retain,preserved_conservative_content_screen,Preserved audit decision; text is intentionally not released.
792,learnmachinelearning,medium,exclude_non_ai,preserved_conservative_content_screen,Preserved audit decision; text is intentionally not released.
793,learnmachinelearning,medium,retain,preserved_conservative_content_screen,Preserved audit decision; text is intentionally not released.
794,learnmachinelearning,medium,retain,preserved_conservative_content_screen,Preserved audit decision; text is intentionally not released.
795,learnmachinelearning,medium,retain,preserved_conservative_content_screen,Preserved audit decision; text is intentionally not released.
796,learnmachinelearning,medium,retain,preserved_conservative_content_screen,Preserved audit decision; text is intentionally not released.
797,learnmachinelearning,medium,retain,preserved_conservative_content_screen,Preserved audit decision; text is intentionally not released.
798,learnmachinelearning,medium,retain,preserved_conservative_content_screen,Preserved audit decision; text is intentionally not released.
799,learnmachinelearning,medium,retain,preserved_conservative_content_screen,Preserved audit decision; text is intentionally not released.
800,learnmachinelearning,medium,retain,preserved_conservative_content_screen,Preserved audit decision; text is intentionally not released.
801,LocalLLaMA,high,retain,preserved_conservative_content_screen,Preserved audit decision; text is intentionally not released.
802,LocalLLaMA,high,retain,preserved_conservative_content_screen,Preserved audit decision; text is intentionally not released.
803,LocalLLaMA,high,retain,preserved_conservative_content_screen,Preserved audit decision; text is intentionally not released.
804,LocalLLaMA,high,exclude_non_ai,preserved_conservative_content_screen,Preserved audit decision; text is intentionally not released.
805,LocalLLaMA,high,retain,preserved_conservative_content_screen,Preserved audit decision; text is intentionally not released.
806,LocalLLaMA,high,retain,preserved_conservative_content_screen,Preserved audit decision; text is intentionally not released.
807,LocalLLaMA,high,retain,preserved_conservative_content_screen,Preserved audit decision; text is intentionally not released.
808,LocalLLaMA,high,retain,preserved_conservative_content_screen,Preserved audit decision; text is intentionally not released.
809,LocalLLaMA,high,retain,preserved_conservative_content_screen,Preserved audit decision; text is intentionally not released.
810,LocalLLaMA,high,retain,preserved_conservative_content_screen,Preserved audit decision; text is intentionally not released.
811,LocalLLaMA,high,retain,preserved_conservative_content_screen,Preserved audit decision; text is intentionally not released.
812,LocalLLaMA,high,retain,preserved_conservative_content_screen,Preserved audit decision; text is intentionally not released.
813,LocalLLaMA,high,retain,preserved_conservative_content_screen,Preserved audit decision; text is intentionally not released.
814,LocalLLaMA,high,retain,preserved_conservative_content_screen,Preserved audit decision; text is intentionally not released.
815,LocalLLaMA,high,exclude_non_ai,preserved_conservative_content_screen,Preserved audit decision; text is intentionally not released.
816,LocalLLaMA,high,retain,preserved_conservative_content_screen,Preserved audit decision; text is intentionally not released.
817,LocalLLaMA,high,retain,preserved_conservative_content_screen,Preserved audit decision; text is intentionally not released.
818,LocalLLaMA,high,retain,preserved_conservative_content_screen,Preserved audit decision; text is intentionally not released.
819,LocalLLaMA,high,exclude_non_ai,preserved_conservative_content_screen,Preserved audit decision; text is intentionally not released.
820,LocalLLaMA,high,retain,preserved_conservative_content_screen,Preserved audit decision; text is intentionally not released.
821,LocalLLaMA,high,retain,preserved_conservative_content_screen,Preserved audit decision; text is intentionally not released.
822,LocalLLaMA,high,retain,preserved_conservative_content_screen,Preserved audit decision; text is intentionally not released.
823,LocalLLaMA,high,retain,preserved_conservative_content_screen,Preserved audit decision; text is intentionally not released.
824,LocalLLaMA,high,exclude_non_ai,preserved_conservative_content_screen,Preserved audit decision; text is intentionally not released.
825,LocalLLaMA,high,retain,preserved_conservative_content_screen,Preserved audit decision; text is intentionally not released.
826,LocalLLaMA,high,retain,preserved_conservative_content_screen,Preserved audit decision; text is intentionally not released.
827,LocalLLaMA,high,retain,preserved_conservative_content_screen,Preserved audit decision; text is intentionally not released.
828,LocalLLaMA,high,retain,preserved_conservative_content_screen,Preserved audit decision; text is intentionally not released.
829,LocalLLaMA,high,retain,preserved_conservative_content_screen,Preserved audit decision; text is intentionally not released.
830,LocalLLaMA,high,retain,preserved_conservative_content_screen,Preserved audit decision; text is intentionally not released.
831,LocalLLaMA,high,retain,preserved_conservative_content_screen,Preserved audit decision; text is intentionally not released.
832,LocalLLaMA,high,exclude_non_ai,preserved_conservative_content_screen,Preserved audit decision; text is intentionally not released.
833,LocalLLaMA,high,retain,preserved_conservative_content_screen,Preserved audit decision; text is intentionally not released.
834,LocalLLaMA,high,retain,preserved_conservative_content_screen,Preserved audit decision; text is intentionally not released.
835,LocalLLaMA,high,retain,preserved_conservative_content_screen,Preserved audit decision; text is intentionally not released.
836,LocalLLaMA,high,retain,preserved_conservative_content_screen,Preserved audit decision; text is intentionally not released.
837,LocalLLaMA,high,retain,preserved_conservative_content_screen,Preserved audit decision; text is intentionally not released.
838,LocalLLaMA,high,retain,preserved_conservative_content_screen,Preserved audit decision; text is intentionally not released.
839,LocalLLaMA,high,retain,preserved_conservative_content_screen,Preserved audit decision; text is intentionally not released.
840,LocalLLaMA,high,retain,preserved_conservative_content_screen,Preserved audit decision; text is intentionally not released.
841,LocalLLaMA,high,retain,preserved_conservative_content_screen,Preserved audit decision; text is intentionally not released.
842,LocalLLaMA,high,exclude_non_ai,preserved_conservative_content_screen,Preserved audit decision; text is intentionally not released.
843,LocalLLaMA,high,retain,preserved_conservative_content_screen,Preserved audit decision; text is intentionally not released.
844,LocalLLaMA,high,retain,preserved_conservative_content_screen,Preserved audit decision; text is intentionally not released.
845,LocalLLaMA,high,retain,preserved_conservative_content_screen,Preserved audit decision; text is intentionally not released.
846,LocalLLaMA,high,retain,preserved_conservative_content_screen,Preserved audit decision; text is intentionally not released.
847,LocalLLaMA,high,retain,preserved_conservative_content_screen,Preserved audit decision; text is intentionally not released.
848,LocalLLaMA,high,retain,preserved_conservative_content_screen,Preserved audit decision; text is intentionally not released.
849,LocalLLaMA,high,retain,preserved_conservative_content_screen,Preserved audit decision; text is intentionally not released.
850,LocalLLaMA,high,exclude_non_ai,preserved_conservative_content_screen,Preserved audit decision; text is intentionally not released.
851,LocalLLaMA,high,retain,preserved_conservative_content_screen,Preserved audit decision; text is intentionally not released.
852,LocalLLaMA,high,retain,preserved_conservative_content_screen,Preserved audit decision; text is intentionally not released.
853,LocalLLaMA,high,exclude_non_ai,preserved_conservative_content_screen,Preserved audit decision; text is intentionally not released.
854,LocalLLaMA,high,retain,preserved_conservative_content_screen,Preserved audit decision; text is intentionally not released.
855,LocalLLaMA,high,retain,preserved_conservative_content_screen,Preserved audit decision; text is intentionally not released.
856,LocalLLaMA,high,retain,preserved_conservative_content_screen,Preserved audit decision; text is intentionally not released.
857,LocalLLaMA,high,retain,preserved_conservative_content_screen,Preserved audit decision; text is intentionally not released.
858,LocalLLaMA,high,retain,preserved_conservative_content_screen,Preserved audit decision; text is intentionally not released.
859,LocalLLaMA,high,retain,preserved_conservative_content_screen,Preserved audit decision; text is intentionally not released.
860,LocalLLaMA,high,retain,preserved_conservative_content_screen,Preserved audit decision; text is intentionally not released.
861,LocalLLaMA,high,retain,preserved_conservative_content_screen,Preserved audit decision; text is intentionally not released.
862,LocalLLaMA,high,retain,preserved_conservative_content_screen,Preserved audit decision; text is intentionally not released.
863,LocalLLaMA,high,retain,preserved_conservative_content_screen,Preserved audit decision; text is intentionally not released.
864,LocalLLaMA,high,exclude_non_ai,preserved_conservative_content_screen,Preserved audit decision; text is intentionally not released.
865,LocalLLaMA,high,retain,preserved_conservative_content_screen,Preserved audit decision; text is intentionally not released.
866,LocalLLaMA,high,retain,preserved_conservative_content_screen,Preserved audit decision; text is intentionally not released.
867,LocalLLaMA,high,retain,preserved_conservative_content_screen,Preserved audit decision; text is intentionally not released.
868,LocalLLaMA,high,retain,preserved_conservative_content_screen,Preserved audit decision; text is intentionally not released.
869,LocalLLaMA,high,retain,preserved_conservative_content_screen,Preserved audit decision; text is intentionally not released.
870,LocalLLaMA,high,retain,preserved_conservative_content_screen,Preserved audit decision; text is intentionally not released.
871,LocalLLaMA,high,retain,preserved_conservative_content_screen,Preserved audit decision; text is intentionally not released.
872,LocalLLaMA,high,retain,preserved_conservative_content_screen,Preserved audit decision; text is intentionally not released.
873,LocalLLaMA,high,retain,preserved_conservative_content_screen,Preserved audit decision; text is intentionally not released.
874,LocalLLaMA,high,retain,preserved_conservative_content_screen,Preserved audit decision; text is intentionally not released.
875,LocalLLaMA,high,retain,preserved_conservative_content_screen,Preserved audit decision; text is intentionally not released.
876,LocalLLaMA,high,retain,preserved_conservative_content_screen,Preserved audit decision; text is intentionally not released.
877,LocalLLaMA,high,retain,preserved_conservative_content_screen,Preserved audit decision; text is intentionally not released.
878,LocalLLaMA,high,retain,preserved_conservative_content_screen,Preserved audit decision; text is intentionally not released.
879,LocalLLaMA,high,retain,preserved_conservative_content_screen,Preserved audit decision; text is intentionally not released.
880,LocalLLaMA,high,retain,preserved_conservative_content_screen,Preserved audit decision; text is intentionally not released.
881,LocalLLaMA,high,retain,preserved_conservative_content_screen,Preserved audit decision; text is intentionally not released.
882,LocalLLaMA,high,retain,preserved_conservative_content_screen,Preserved audit decision; text is intentionally not released.
883,LocalLLaMA,high,retain,preserved_conservative_content_screen,Preserved audit decision; text is intentionally not released.
884,LocalLLaMA,high,retain,preserved_conservative_content_screen,Preserved audit decision; text is intentionally not released.
885,LocalLLaMA,high,exclude_non_ai,preserved_conservative_content_screen,Preserved audit decision; text is intentionally not released.
886,LocalLLaMA,high,exclude_non_ai,preserved_conservative_content_screen,Preserved audit decision; text is intentionally not released.
887,LocalLLaMA,high,retain,preserved_conservative_content_screen,Preserved audit decision; text is intentionally not released.
888,LocalLLaMA,high,retain,preserved_conservative_content_screen,Preserved audit decision; text is intentionally not released.
889,LocalLLaMA,high,exclude_non_ai,preserved_conservative_content_screen,Preserved audit decision; text is intentionally not released.
890,LocalLLaMA,high,retain,preserved_conservative_content_screen,Preserved audit decision; text is intentionally not released.
891,LocalLLaMA,high,retain,preserved_conservative_content_screen,Preserved audit decision; text is intentionally not released.
892,LocalLLaMA,high,retain,preserved_conservative_content_screen,Preserved audit decision; text is intentionally not released.
893,LocalLLaMA,high,retain,preserved_conservative_content_screen,Preserved audit decision; text is intentionally not released.
894,LocalLLaMA,high,retain,preserved_conservative_content_screen,Preserved audit decision; text is intentionally not released.
895,LocalLLaMA,high,retain,preserved_conservative_content_screen,Preserved audit decision; text is intentionally not released.
896,LocalLLaMA,high,retain,preserved_conservative_content_screen,Preserved audit decision; text is intentionally not released.
897,LocalLLaMA,high,retain,preserved_conservative_content_screen,Preserved audit decision; text is intentionally not released.
898,LocalLLaMA,high,retain,preserved_conservative_content_screen,Preserved audit decision; text is intentionally not released.
899,LocalLLaMA,high,retain,preserved_conservative_content_screen,Preserved audit decision; text is intentionally not released.
900,LocalLLaMA,high,exclude_non_ai,preserved_conservative_content_screen,Preserved audit decision; text is intentionally not released.
901,LocalLLaMA,high,retain,preserved_conservative_content_screen,Preserved audit decision; text is intentionally not released.
902,LocalLLaMA,high,retain,preserved_conservative_content_screen,Preserved audit decision; text is intentionally not released.
903,LocalLLaMA,high,retain,preserved_conservative_content_screen,Preserved audit decision; text is intentionally not released.
904,LocalLLaMA,high,exclude_non_ai,preserved_conservative_content_screen,Preserved audit decision; text is intentionally not released.
905,LocalLLaMA,high,exclude_non_ai,preserved_conservative_content_screen,Preserved audit decision; text is intentionally not released.
906,LocalLLaMA,high,retain,preserved_conservative_content_screen,Preserved audit decision; text is intentionally not released.
907,LocalLLaMA,high,retain,preserved_conservative_content_screen,Preserved audit decision; text is intentionally not released.
908,LocalLLaMA,high,retain,preserved_conservative_content_screen,Preserved audit decision; text is intentionally not released.
909,LocalLLaMA,high,retain,preserved_conservative_content_screen,Preserved audit decision; text is intentionally not released.
910,LocalLLaMA,high,retain,preserved_conservative_content_screen,Preserved audit decision; text is intentionally not released.
911,LocalLLaMA,high,retain,preserved_conservative_content_screen,Preserved audit decision; text is intentionally not released.
912,LocalLLaMA,high,exclude_non_ai,preserved_conservative_content_screen,Preserved audit decision; text is intentionally not released.
913,LocalLLaMA,high,retain,preserved_conservative_content_screen,Preserved audit decision; text is intentionally not released.
914,LocalLLaMA,high,retain,preserved_conservative_content_screen,Preserved audit decision; text is intentionally not released.
915,LocalLLaMA,high,retain,preserved_conservative_content_screen,Preserved audit decision; text is intentionally not released.
916,LocalLLaMA,high,retain,preserved_conservative_content_screen,Preserved audit decision; text is intentionally not released.
917,LocalLLaMA,high,retain,preserved_conservative_content_screen,Preserved audit decision; text is intentionally not released.
918,LocalLLaMA,high,retain,preserved_conservative_content_screen,Preserved audit decision; text is intentionally not released.
919,LocalLLaMA,high,retain,preserved_conservative_content_screen,Preserved audit decision; text is intentionally not released.
920,LocalLLaMA,high,retain,preserved_conservative_content_screen,Preserved audit decision; text is intentionally not released.
921,LocalLLaMA,high,retain,preserved_conservative_content_screen,Preserved audit decision; text is intentionally not released.
922,LocalLLaMA,high,retain,preserved_conservative_content_screen,Preserved audit decision; text is intentionally not released.
923,LocalLLaMA,high,exclude_non_ai,preserved_conservative_content_screen,Preserved audit decision; text is intentionally not released.
924,LocalLLaMA,high,retain,preserved_conservative_content_screen,Preserved audit decision; text is intentionally not released.
925,LocalLLaMA,high,retain,preserved_conservative_content_screen,Preserved audit decision; text is intentionally not released.
926,LocalLLaMA,high,retain,preserved_conservative_content_screen,Preserved audit decision; text is intentionally not released.
927,LocalLLaMA,high,retain,preserved_conservative_content_screen,Preserved audit decision; text is intentionally not released.
928,LocalLLaMA,high,retain,preserved_conservative_content_screen,Preserved audit decision; text is intentionally not released.
929,LocalLLaMA,high,retain,preserved_conservative_content_screen,Preserved audit decision; text is intentionally not released.
930,LocalLLaMA,high,retain,preserved_conservative_content_screen,Preserved audit decision; text is intentionally not released.
931,LocalLLaMA,high,retain,preserved_conservative_content_screen,Preserved audit decision; text is intentionally not released.
932,LocalLLaMA,high,retain,preserved_conservative_content_screen,Preserved audit decision; text is intentionally not released.
933,LocalLLaMA,high,retain,preserved_conservative_content_screen,Preserved audit decision; text is intentionally not released.
934,LocalLLaMA,high,retain,preserved_conservative_content_screen,Preserved audit decision; text is intentionally not released.
935,LocalLLaMA,high,retain,preserved_conservative_content_screen,Preserved audit decision; text is intentionally not released.
936,LocalLLaMA,high,retain,preserved_conservative_content_screen,Preserved audit decision; text is intentionally not released.
937,LocalLLaMA,high,retain,preserved_conservative_content_screen,Preserved audit decision; text is intentionally not released.
938,LocalLLaMA,high,retain,preserved_conservative_content_screen,Preserved audit decision; text is intentionally not released.
939,LocalLLaMA,high,retain,preserved_conservative_content_screen,Preserved audit decision; text is intentionally not released.
940,LocalLLaMA,high,retain,preserved_conservative_content_screen,Preserved audit decision; text is intentionally not released.
941,LocalLLaMA,high,retain,preserved_conservative_content_screen,Preserved audit decision; text is intentionally not released.
942,LocalLLaMA,high,retain,preserved_conservative_content_screen,Preserved audit decision; text is intentionally not released.
943,LocalLLaMA,high,retain,preserved_conservative_content_screen,Preserved audit decision; text is intentionally not released.
944,LocalLLaMA,high,exclude_non_ai,preserved_conservative_content_screen,Preserved audit decision; text is intentionally not released.
945,LocalLLaMA,high,retain,preserved_conservative_content_screen,Preserved audit decision; text is intentionally not released.
946,LocalLLaMA,high,retain,preserved_conservative_content_screen,Preserved audit decision; text is intentionally not released.
947,LocalLLaMA,high,retain,preserved_conservative_content_screen,Preserved audit decision; text is intentionally not released.
948,LocalLLaMA,high,retain,preserved_conservative_content_screen,Preserved audit decision; text is intentionally not released.
949,LocalLLaMA,high,retain,preserved_conservative_content_screen,Preserved audit decision; text is intentionally not released.
950,LocalLLaMA,high,exclude_non_ai,preserved_conservative_content_screen,Preserved audit decision; text is intentionally not released.
951,LocalLLaMA,high,retain,preserved_conservative_content_screen,Preserved audit decision; text is intentionally not released.
952,LocalLLaMA,high,retain,preserved_conservative_content_screen,Preserved audit decision; text is intentionally not released.
953,LocalLLaMA,high,retain,preserved_conservative_content_screen,Preserved audit decision; text is intentionally not released.
954,LocalLLaMA,high,retain,preserved_conservative_content_screen,Preserved audit decision; text is intentionally not released.
955,LocalLLaMA,high,exclude_non_ai,preserved_conservative_content_screen,Preserved audit decision; text is intentionally not released.
956,LocalLLaMA,high,retain,preserved_conservative_content_screen,Preserved audit decision; text is intentionally not released.
957,LocalLLaMA,high,retain,preserved_conservative_content_screen,Preserved audit decision; text is intentionally not released.
958,LocalLLaMA,high,retain,preserved_conservative_content_screen,Preserved audit decision; text is intentionally not released.
959,LocalLLaMA,high,retain,preserved_conservative_content_screen,Preserved audit decision; text is intentionally not released.
960,LocalLLaMA,high,retain,preserved_conservative_content_screen,Preserved audit decision; text is intentionally not released.
961,LocalLLaMA,high,exclude_non_ai,preserved_conservative_content_screen,Preserved audit decision; text is intentionally not released.
962,LocalLLaMA,high,retain,preserved_conservative_content_screen,Preserved audit decision; text is intentionally not released.
963,LocalLLaMA,high,retain,preserved_conservative_content_screen,Preserved audit decision; text is intentionally not released.
964,LocalLLaMA,high,retain,preserved_conservative_content_screen,Preserved audit decision; text is intentionally not released.
965,LocalLLaMA,high,retain,preserved_conservative_content_screen,Preserved audit decision; text is intentionally not released.
966,LocalLLaMA,high,retain,preserved_conservative_content_screen,Preserved audit decision; text is intentionally not released.
967,LocalLLaMA,high,exclude_non_ai,preserved_conservative_content_screen,Preserved audit decision; text is intentionally not released.
968,LocalLLaMA,high,retain,preserved_conservative_content_screen,Preserved audit decision; text is intentionally not released.
969,LocalLLaMA,high,retain,preserved_conservative_content_screen,Preserved audit decision; text is intentionally not released.
970,LocalLLaMA,high,retain,preserved_conservative_content_screen,Preserved audit decision; text is intentionally not released.
971,LocalLLaMA,high,retain,preserved_conservative_content_screen,Preserved audit decision; text is intentionally not released.
972,LocalLLaMA,high,retain,preserved_conservative_content_screen,Preserved audit decision; text is intentionally not released.
973,LocalLLaMA,high,retain,preserved_conservative_content_screen,Preserved audit decision; text is intentionally not released.
974,LocalLLaMA,high,retain,preserved_conservative_content_screen,Preserved audit decision; text is intentionally not released.
975,LocalLLaMA,high,exclude_non_ai,preserved_conservative_content_screen,Preserved audit decision; text is intentionally not released.
976,LocalLLaMA,high,exclude_non_ai,preserved_conservative_content_screen,Preserved audit decision; text is intentionally not released.
977,LocalLLaMA,high,retain,preserved_conservative_content_screen,Preserved audit decision; text is intentionally not released.
978,LocalLLaMA,high,retain,preserved_conservative_content_screen,Preserved audit decision; text is intentionally not released.
979,LocalLLaMA,high,retain,preserved_conservative_content_screen,Preserved audit decision; text is intentionally not released.
980,LocalLLaMA,high,retain,preserved_conservative_content_screen,Preserved audit decision; text is intentionally not released.
981,LocalLLaMA,high,retain,preserved_conservative_content_screen,Preserved audit decision; text is intentionally not released.
982,LocalLLaMA,high,retain,preserved_conservative_content_screen,Preserved audit decision; text is intentionally not released.
983,LocalLLaMA,high,retain,preserved_conservative_content_screen,Preserved audit decision; text is intentionally not released.
984,LocalLLaMA,high,retain,preserved_conservative_content_screen,Preserved audit decision; text is intentionally not released.
985,LocalLLaMA,high,retain,preserved_conservative_content_screen,Preserved audit decision; text is intentionally not released.
986,LocalLLaMA,high,retain,preserved_conservative_content_screen,Preserved audit decision; text is intentionally not released.
987,LocalLLaMA,high,retain,preserved_conservative_content_screen,Preserved audit decision; text is intentionally not released.
988,LocalLLaMA,high,retain,preserved_conservative_content_screen,Preserved audit decision; text is intentionally not released.
989,LocalLLaMA,high,retain,preserved_conservative_content_screen,Preserved audit decision; text is intentionally not released.
990,LocalLLaMA,high,retain,preserved_conservative_content_screen,Preserved audit decision; text is intentionally not released.
991,LocalLLaMA,high,retain,preserved_conservative_content_screen,Preserved audit decision; text is intentionally not released.
992,LocalLLaMA,high,retain,preserved_conservative_content_screen,Preserved audit decision; text is intentionally not released.
993,LocalLLaMA,high,retain,preserved_conservative_content_screen,Preserved audit decision; text is intentionally not released.
994,LocalLLaMA,high,retain,preserved_conservative_content_screen,Preserved audit decision; text is intentionally not released.
995,LocalLLaMA,high,retain,preserved_conservative_content_screen,Preserved audit decision; text is intentionally not released.
996,LocalLLaMA,high,exclude_non_ai,preserved_conservative_content_screen,Preserved audit decision; text is intentionally not released.
997,LocalLLaMA,high,retain,preserved_conservative_content_screen,Preserved audit decision; text is intentionally not released.
998,MachineLearning,high,retain,preserved_conservative_content_screen,Preserved audit decision; text is intentionally not released.
999,MachineLearning,high,exclude_non_ai,preserved_conservative_content_screen,Preserved audit decision; text is intentionally not released.
1000,MachineLearning,high,retain,preserved_conservative_content_screen,Preserved audit decision; text is intentionally not released.
1001,MachineLearning,high,exclude_non_ai,preserved_conservative_content_screen,Preserved audit decision; text is intentionally not released.
1002,MachineLearning,high,retain,preserved_conservative_content_screen,Preserved audit decision; text is intentionally not released.
1003,MachineLearning,high,retain,preserved_conservative_content_screen,Preserved audit decision; text is intentionally not released.
1004,MachineLearning,high,retain,preserved_conservative_content_screen,Preserved audit decision; text is intentionally not released.
1005,MachineLearning,high,retain,preserved_conservative_content_screen,Preserved audit decision; text is intentionally not released.
1006,MachineLearning,high,retain,preserved_conservative_content_screen,Preserved audit decision; text is intentionally not released.
1007,MachineLearning,high,exclude_non_ai,preserved_conservative_content_screen,Preserved audit decision; text is intentionally not released.
1008,MachineLearning,high,retain,preserved_conservative_content_screen,Preserved audit decision; text is intentionally not released.
1009,MachineLearning,high,retain,preserved_conservative_content_screen,Preserved audit decision; text is intentionally not released.
1010,MachineLearning,high,retain,preserved_conservative_content_screen,Preserved audit decision; text is intentionally not released.
1011,MachineLearning,high,retain,preserved_conservative_content_screen,Preserved audit decision; text is intentionally not released.
1012,MachineLearning,high,retain,preserved_conservative_content_screen,Preserved audit decision; text is intentionally not released.
1013,MachineLearning,high,retain,preserved_conservative_content_screen,Preserved audit decision; text is intentionally not released.
1014,MachineLearning,high,retain,preserved_conservative_content_screen,Preserved audit decision; text is intentionally not released.
1015,MachineLearning,high,retain,preserved_conservative_content_screen,Preserved audit decision; text is intentionally not released.
1016,MachineLearning,high,retain,preserved_conservative_content_screen,Preserved audit decision; text is intentionally not released.
1017,MachineLearning,high,retain,preserved_conservative_content_screen,Preserved audit decision; text is intentionally not released.
1018,MachineLearning,high,retain,preserved_conservative_content_screen,Preserved audit decision; text is intentionally not released.
1019,MachineLearning,high,exclude_non_ai,preserved_conservative_content_screen,Preserved audit decision; text is intentionally not released.
1020,MachineLearning,high,retain,preserved_conservative_content_screen,Preserved audit decision; text is intentionally not released.
1021,MachineLearning,high,exclude_non_ai,preserved_conservative_content_screen,Preserved audit decision; text is intentionally not released.
1022,MachineLearning,high,retain,preserved_conservative_content_screen,Preserved audit decision; text is intentionally not released.
1023,MachineLearning,high,retain,preserved_conservative_content_screen,Preserved audit decision; text is intentionally not released.
1024,MachineLearning,high,exclude_non_ai,preserved_conservative_content_screen,Preserved audit decision; text is intentionally not released.
1025,MachineLearning,high,exclude_non_ai,preserved_conservative_content_screen,Preserved audit decision; text is intentionally not released.
1026,MachineLearning,high,exclude_non_ai,preserved_conservative_content_screen,Preserved audit decision; text is intentionally not released.
1027,MachineLearning,high,exclude_non_ai,preserved_conservative_content_screen,Preserved audit decision; text is intentionally not released.
1028,MachineLearning,high,retain,preserved_conservative_content_screen,Preserved audit decision; text is intentionally not released.
1029,MachineLearning,high,retain,preserved_conservative_content_screen,Preserved audit decision; text is intentionally not released.
1030,MachineLearning,high,retain,preserved_conservative_content_screen,Preserved audit decision; text is intentionally not released.
1031,MachineLearning,high,retain,preserved_conservative_content_screen,Preserved audit decision; text is intentionally not released.
1032,MachineLearning,high,exclude_non_ai,preserved_conservative_content_screen,Preserved audit decision; text is intentionally not released.
1033,MachineLearning,high,exclude_non_ai,preserved_conservative_content_screen,Preserved audit decision; text is intentionally not released.
1034,MachineLearning,high,retain,preserved_conservative_content_screen,Preserved audit decision; text is intentionally not released.
1035,MachineLearning,high,retain,preserved_conservative_content_screen,Preserved audit decision; text is intentionally not released.
1036,MachineLearning,high,retain,preserved_conservative_content_screen,Preserved audit decision; text is intentionally not released.
1037,MachineLearning,high,retain,preserved_conservative_content_screen,Preserved audit decision; text is intentionally not released.
1038,MachineLearning,high,retain,preserved_conservative_content_screen,Preserved audit decision; text is intentionally not released.
1039,MachineLearning,high,retain,preserved_conservative_content_screen,Preserved audit decision; text is intentionally not released.
1040,MachineLearning,high,retain,preserved_conservative_content_screen,Preserved audit decision; text is intentionally not released.
1041,MachineLearning,high,exclude_non_ai,preserved_conservative_content_screen,Preserved audit decision; text is intentionally not released.
1042,MachineLearning,high,retain,preserved_conservative_content_screen,Preserved audit decision; text is intentionally not released.
1043,MachineLearning,high,retain,preserved_conservative_content_screen,Preserved audit decision; text is intentionally not released.
1044,MachineLearning,high,retain,preserved_conservative_content_screen,Preserved audit decision; text is intentionally not released.
1045,MachineLearning,high,retain,preserved_conservative_content_screen,Preserved audit decision; text is intentionally not released.
1046,MachineLearning,high,retain,preserved_conservative_content_screen,Preserved audit decision; text is intentionally not released.
1047,MachineLearning,high,retain,preserved_conservative_content_screen,Preserved audit decision; text is intentionally not released.
1048,MachineLearning,high,retain,preserved_conservative_content_screen,Preserved audit decision; text is intentionally not released.
1049,MachineLearning,high,retain,preserved_conservative_content_screen,Preserved audit decision; text is intentionally not released.
1050,MachineLearning,high,retain,preserved_conservative_content_screen,Preserved audit decision; text is intentionally not released.
1051,MachineLearning,high,retain,preserved_conservative_content_screen,Preserved audit decision; text is intentionally not released.
1052,MachineLearning,high,retain,preserved_conservative_content_screen,Preserved audit decision; text is intentionally not released.
1053,MachineLearning,high,retain,preserved_conservative_content_screen,Preserved audit decision; text is intentionally not released.
1054,MachineLearning,high,retain,preserved_conservative_content_screen,Preserved audit decision; text is intentionally not released.
1055,MachineLearning,high,exclude_non_ai,preserved_conservative_content_screen,Preserved audit decision; text is intentionally not released.
1056,MachineLearning,high,retain,preserved_conservative_content_screen,Preserved audit decision; text is intentionally not released.
1057,MachineLearning,high,retain,preserved_conservative_content_screen,Preserved audit decision; text is intentionally not released.
1058,MachineLearning,high,retain,preserved_conservative_content_screen,Preserved audit decision; text is intentionally not released.
1059,MachineLearning,high,retain,preserved_conservative_content_screen,Preserved audit decision; text is intentionally not released.
1060,MachineLearning,high,exclude_non_ai,preserved_conservative_content_screen,Preserved audit decision; text is intentionally not released.
1061,MachineLearning,high,exclude_non_ai,preserved_conservative_content_screen,Preserved audit decision; text is intentionally not released.
1062,MachineLearning,high,retain,preserved_conservative_content_screen,Preserved audit decision; text is intentionally not released.
1063,MachineLearning,high,retain,preserved_conservative_content_screen,Preserved audit decision; text is intentionally not released.
1064,MachineLearning,high,retain,preserved_conservative_content_screen,Preserved audit decision; text is intentionally not released.
1065,MachineLearning,high,retain,preserved_conservative_content_screen,Preserved audit decision; text is intentionally not released.
1066,MachineLearning,high,retain,preserved_conservative_content_screen,Preserved audit decision; text is intentionally not released.
1067,MachineLearning,high,retain,preserved_conservative_content_screen,Preserved audit decision; text is intentionally not released.
1068,MachineLearning,high,retain,preserved_conservative_content_screen,Preserved audit decision; text is intentionally not released.
1069,MachineLearning,high,retain,preserved_conservative_content_screen,Preserved audit decision; text is intentionally not released.
1070,MachineLearning,high,exclude_non_ai,preserved_conservative_content_screen,Preserved audit decision; text is intentionally not released.
1071,MachineLearning,high,retain,preserved_conservative_content_screen,Preserved audit decision; text is intentionally not released.
1072,MachineLearning,high,exclude_non_ai,preserved_conservative_content_screen,Preserved audit decision; text is intentionally not released.
1073,MachineLearning,high,retain,preserved_conservative_content_screen,Preserved audit decision; text is intentionally not released.
1074,MachineLearning,high,exclude_non_ai,preserved_conservative_content_screen,Preserved audit decision; text is intentionally not released.
1075,MachineLearning,high,retain,preserved_conservative_content_screen,Preserved audit decision; text is intentionally not released.
1076,MachineLearning,high,retain,preserved_conservative_content_screen,Preserved audit decision; text is intentionally not released.
1077,MachineLearning,high,retain,preserved_conservative_content_screen,Preserved audit decision; text is intentionally not released.
1078,MachineLearning,high,retain,preserved_conservative_content_screen,Preserved audit decision; text is intentionally not released.
1079,MachineLearning,high,retain,preserved_conservative_content_screen,Preserved audit decision; text is intentionally not released.
1080,MachineLearning,high,retain,preserved_conservative_content_screen,Preserved audit decision; text is intentionally not released.
1081,MachineLearning,high,retain,preserved_conservative_content_screen,Preserved audit decision; text is intentionally not released.
1082,MachineLearning,high,retain,preserved_conservative_content_screen,Preserved audit decision; text is intentionally not released.
1083,MachineLearning,high,exclude_non_ai,preserved_conservative_content_screen,Preserved audit decision; text is intentionally not released.
1084,MachineLearning,high,retain,preserved_conservative_content_screen,Preserved audit decision; text is intentionally not released.
1085,MachineLearning,high,retain,preserved_conservative_content_screen,Preserved audit decision; text is intentionally not released.
1086,MachineLearning,high,retain,preserved_conservative_content_screen,Preserved audit decision; text is intentionally not released.
1087,MachineLearning,high,retain,preserved_conservative_content_screen,Preserved audit decision; text is intentionally not released.
1088,MachineLearning,high,retain,preserved_conservative_content_screen,Preserved audit decision; text is intentionally not released.
1089,MachineLearning,high,retain,preserved_conservative_content_screen,Preserved audit decision; text is intentionally not released.
1090,MachineLearning,high,exclude_non_ai,preserved_conservative_content_screen,Preserved audit decision; text is intentionally not released.
1091,MachineLearning,high,retain,preserved_conservative_content_screen,Preserved audit decision; text is intentionally not released.
1092,MachineLearning,high,retain,preserved_conservative_content_screen,Preserved audit decision; text is intentionally not released.
1093,MachineLearning,high,retain,preserved_conservative_content_screen,Preserved audit decision; text is intentionally not released.
1094,MachineLearning,high,exclude_non_ai,preserved_conservative_content_screen,Preserved audit decision; text is intentionally not released.
1095,MachineLearning,high,retain,preserved_conservative_content_screen,Preserved audit decision; text is intentionally not released.
1096,MachineLearning,high,retain,preserved_conservative_content_screen,Preserved audit decision; text is intentionally not released.
1097,MachineLearning,high,retain,preserved_conservative_content_screen,Preserved audit decision; text is intentionally not released.
1098,MachineLearning,high,retain,preserved_conservative_content_screen,Preserved audit decision; text is intentionally not released.
1099,MachineLearning,high,retain,preserved_conservative_content_screen,Preserved audit decision; text is intentionally not released.
1100,MachineLearning,high,retain,preserved_conservative_content_screen,Preserved audit decision; text is intentionally not released.
1101,MachineLearning,high,exclude_non_ai,preserved_conservative_content_screen,Preserved audit decision; text is intentionally not released.
1102,MachineLearning,high,retain,preserved_conservative_content_screen,Preserved audit decision; text is intentionally not released.
1103,MachineLearning,high,retain,preserved_conservative_content_screen,Preserved audit decision; text is intentionally not released.
1104,MachineLearning,high,retain,preserved_conservative_content_screen,Preserved audit decision; text is intentionally not released.
1105,MachineLearning,high,exclude_non_ai,preserved_conservative_content_screen,Preserved audit decision; text is intentionally not released.
1106,MachineLearning,high,retain,preserved_conservative_content_screen,Preserved audit decision; text is intentionally not released.
1107,MachineLearning,high,retain,preserved_conservative_content_screen,Preserved audit decision; text is intentionally not released.
1108,MachineLearning,high,retain,preserved_conservative_content_screen,Preserved audit decision; text is intentionally not released.
1109,MachineLearning,high,exclude_non_ai,preserved_conservative_content_screen,Preserved audit decision; text is intentionally not released.
1110,MachineLearning,high,retain,preserved_conservative_content_screen,Preserved audit decision; text is intentionally not released.
1111,MachineLearning,high,retain,preserved_conservative_content_screen,Preserved audit decision; text is intentionally not released.
1112,MachineLearning,high,retain,preserved_conservative_content_screen,Preserved audit decision; text is intentionally not released.
1113,MachineLearning,high,retain,preserved_conservative_content_screen,Preserved audit decision; text is intentionally not released.
1114,MachineLearning,high,retain,preserved_conservative_content_screen,Preserved audit decision; text is intentionally not released.
1115,MachineLearning,high,exclude_non_ai,preserved_conservative_content_screen,Preserved audit decision; text is intentionally not released.
1116,MachineLearning,high,retain,preserved_conservative_content_screen,Preserved audit decision; text is intentionally not released.
1117,MachineLearning,high,retain,preserved_conservative_content_screen,Preserved audit decision; text is intentionally not released.
1118,MachineLearning,high,retain,preserved_conservative_content_screen,Preserved audit decision; text is intentionally not released.
1119,MachineLearning,high,retain,preserved_conservative_content_screen,Preserved audit decision; text is intentionally not released.
1120,MachineLearning,high,retain,preserved_conservative_content_screen,Preserved audit decision; text is intentionally not released.
1121,MachineLearning,high,retain,preserved_conservative_content_screen,Preserved audit decision; text is intentionally not released.
1122,MachineLearning,high,retain,preserved_conservative_content_screen,Preserved audit decision; text is intentionally not released.
1123,MachineLearning,high,retain,preserved_conservative_content_screen,Preserved audit decision; text is intentionally not released.
1124,MachineLearning,high,retain,preserved_conservative_content_screen,Preserved audit decision; text is intentionally not released.
1125,MachineLearning,high,exclude_non_ai,preserved_conservative_content_screen,Preserved audit decision; text is intentionally not released.
1126,MachineLearning,high,exclude_non_ai,preserved_conservative_content_screen,Preserved audit decision; text is intentionally not released.
1127,MachineLearning,high,retain,preserved_conservative_content_screen,Preserved audit decision; text is intentionally not released.
1128,MachineLearning,high,exclude_non_ai,preserved_conservative_content_screen,Preserved audit decision; text is intentionally not released.
1129,MachineLearning,high,retain,preserved_conservative_content_screen,Preserved audit decision; text is intentionally not released.
1130,MachineLearning,high,exclude_non_ai,preserved_conservative_content_screen,Preserved audit decision; text is intentionally not released.
1131,MachineLearning,high,exclude_non_ai,preserved_conservative_content_screen,Preserved audit decision; text is intentionally not released.
1132,MachineLearning,high,retain,preserved_conservative_content_screen,Preserved audit decision; text is intentionally not released.
1133,MachineLearning,high,retain,preserved_conservative_content_screen,Preserved audit decision; text is intentionally not released.
1134,MachineLearning,high,retain,preserved_conservative_content_screen,Preserved audit decision; text is intentionally not released.
1135,MachineLearning,high,retain,preserved_conservative_content_screen,Preserved audit decision; text is intentionally not released.
1136,MachineLearning,high,exclude_non_ai,preserved_conservative_content_screen,Preserved audit decision; text is intentionally not released.
1137,MachineLearning,high,retain,preserved_conservative_content_screen,Preserved audit decision; text is intentionally not released.
1138,MachineLearning,high,retain,preserved_conservative_content_screen,Preserved audit decision; text is intentionally not released.
1139,MachineLearning,high,exclude_non_ai,preserved_conservative_content_screen,Preserved audit decision; text is intentionally not released.
1140,MachineLearning,high,retain,preserved_conservative_content_screen,Preserved audit decision; text is intentionally not released.
1141,MachineLearning,high,retain,preserved_conservative_content_screen,Preserved audit decision; text is intentionally not released.
1142,MachineLearning,high,retain,preserved_conservative_content_screen,Preserved audit decision; text is intentionally not released.
1143,MachineLearning,high,retain,preserved_conservative_content_screen,Preserved audit decision; text is intentionally not released.
1144,MachineLearning,high,exclude_non_ai,preserved_conservative_content_screen,Preserved audit decision; text is intentionally not released.
1145,MachineLearning,high,retain,preserved_conservative_content_screen,Preserved audit decision; text is intentionally not released.
1146,MachineLearning,high,exclude_non_ai,preserved_conservative_content_screen,Preserved audit decision; text is intentionally not released.
1147,MachineLearning,high,retain,preserved_conservative_content_screen,Preserved audit decision; text is intentionally not released.
1148,MachineLearning,high,retain,preserved_conservative_content_screen,Preserved audit decision; text is intentionally not released.
1149,MachineLearning,high,retain,preserved_conservative_content_screen,Preserved audit decision; text is intentionally not released.
1150,MachineLearning,high,retain,preserved_conservative_content_screen,Preserved audit decision; text is intentionally not released.
1151,MachineLearning,high,retain,preserved_conservative_content_screen,Preserved audit decision; text is intentionally not released.
1152,MachineLearning,high,retain,preserved_conservative_content_screen,Preserved audit decision; text is intentionally not released.
1153,MachineLearning,high,retain,preserved_conservative_content_screen,Preserved audit decision; text is intentionally not released.
1154,MachineLearning,high,retain,preserved_conservative_content_screen,Preserved audit decision; text is intentionally not released.
1155,MachineLearning,high,retain,preserved_conservative_content_screen,Preserved audit decision; text is intentionally not released.
1156,MachineLearning,high,exclude_non_ai,preserved_conservative_content_screen,Preserved audit decision; text is intentionally not released.
1157,MachineLearning,high,retain,preserved_conservative_content_screen,Preserved audit decision; text is intentionally not released.
1158,MachineLearning,high,retain,preserved_conservative_content_screen,Preserved audit decision; text is intentionally not released.
1159,MachineLearning,high,retain,preserved_conservative_content_screen,Preserved audit decision; text is intentionally not released.
1160,MachineLearning,high,retain,preserved_conservative_content_screen,Preserved audit decision; text is intentionally not released.
1161,MachineLearning,high,retain,preserved_conservative_content_screen,Preserved audit decision; text is intentionally not released.
1162,MachineLearning,high,retain,preserved_conservative_content_screen,Preserved audit decision; text is intentionally not released.
1163,MachineLearning,high,retain,preserved_conservative_content_screen,Preserved audit decision; text is intentionally not released.
1164,MachineLearning,high,retain,preserved_conservative_content_screen,Preserved audit decision; text is intentionally not released.
1165,MachineLearning,high,retain,preserved_conservative_content_screen,Preserved audit decision; text is intentionally not released.
1166,MachineLearning,high,exclude_non_ai,preserved_conservative_content_screen,Preserved audit decision; text is intentionally not released.
1167,MachineLearning,high,retain,preserved_conservative_content_screen,Preserved audit decision; text is intentionally not released.
1168,MachineLearning,high,exclude_non_ai,preserved_conservative_content_screen,Preserved audit decision; text is intentionally not released.
1169,MachineLearning,high,exclude_non_ai,preserved_conservative_content_screen,Preserved audit decision; text is intentionally not released.
1170,MachineLearning,high,retain,preserved_conservative_content_screen,Preserved audit decision; text is intentionally not released.
1171,MachineLearning,high,exclude_non_ai,preserved_conservative_content_screen,Preserved audit decision; text is intentionally not released.
1172,MachineLearning,high,retain,preserved_conservative_content_screen,Preserved audit decision; text is intentionally not released.
1173,MachineLearning,high,retain,preserved_conservative_content_screen,Preserved audit decision; text is intentionally not released.
1174,MachineLearning,high,exclude_non_ai,preserved_conservative_content_screen,Preserved audit decision; text is intentionally not released.
1175,MachineLearning,high,exclude_non_ai,preserved_conservative_content_screen,Preserved audit decision; text is intentionally not released.
1176,MachineLearning,high,exclude_non_ai,preserved_conservative_content_screen,Preserved audit decision; text is intentionally not released.
1177,MachineLearning,high,exclude_non_ai,preserved_conservative_content_screen,Preserved audit decision; text is intentionally not released.
1178,MachineLearning,high,retain,preserved_conservative_content_screen,Preserved audit decision; text is intentionally not released.
1179,MachineLearning,high,retain,preserved_conservative_content_screen,Preserved audit decision; text is intentionally not released.
1180,MachineLearning,high,retain,preserved_conservative_content_screen,Preserved audit decision; text is intentionally not released.
1181,MachineLearning,high,exclude_non_ai,preserved_conservative_content_screen,Preserved audit decision; text is intentionally not released.
1182,MachineLearning,high,retain,preserved_conservative_content_screen,Preserved audit decision; text is intentionally not released.
1183,MachineLearning,high,retain,preserved_conservative_content_screen,Preserved audit decision; text is intentionally not released.
1184,MachineLearning,high,retain,preserved_conservative_content_screen,Preserved audit decision; text is intentionally not released.
1185,MachineLearning,high,retain,preserved_conservative_content_screen,Preserved audit decision; text is intentionally not released.
1186,MachineLearning,high,retain,preserved_conservative_content_screen,Preserved audit decision; text is intentionally not released.
1187,MachineLearning,high,retain,preserved_conservative_content_screen,Preserved audit decision; text is intentionally not released.
1188,MachineLearning,high,retain,preserved_conservative_content_screen,Preserved audit decision; text is intentionally not released.
1189,MachineLearning,high,retain,preserved_conservative_content_screen,Preserved audit decision; text is intentionally not released.
1190,MachineLearning,high,retain,preserved_conservative_content_screen,Preserved audit decision; text is intentionally not released.
1191,MachineLearning,high,retain,preserved_conservative_content_screen,Preserved audit decision; text is intentionally not released.
1192,MachineLearning,high,retain,preserved_conservative_content_screen,Preserved audit decision; text is intentionally not released.
1193,MachineLearning,high,retain,preserved_conservative_content_screen,Preserved audit decision; text is intentionally not released.
1194,MachineLearning,high,retain,preserved_conservative_content_screen,Preserved audit decision; text is intentionally not released.
1195,MachineLearning,high,retain,preserved_conservative_content_screen,Preserved audit decision; text is intentionally not released.
1196,OpenAI,medium,retain,preserved_conservative_content_screen,Preserved audit decision; text is intentionally not released.
1197,OpenAI,medium,retain,preserved_conservative_content_screen,Preserved audit decision; text is intentionally not released.
1198,OpenAI,medium,retain,preserved_conservative_content_screen,Preserved audit decision; text is intentionally not released.
1199,OpenAI,medium,retain,preserved_conservative_content_screen,Preserved audit decision; text is intentionally not released.
1200,OpenAI,medium,retain,preserved_conservative_content_screen,Preserved audit decision; text is intentionally not released.
1201,OpenAI,medium,retain,preserved_conservative_content_screen,Preserved audit decision; text is intentionally not released.
1202,OpenAI,medium,retain,preserved_conservative_content_screen,Preserved audit decision; text is intentionally not released.
1203,OpenAI,medium,retain,preserved_conservative_content_screen,Preserved audit decision; text is intentionally not released.
1204,OpenAI,medium,retain,preserved_conservative_content_screen,Preserved audit decision; text is intentionally not released.
1205,OpenAI,medium,retain,preserved_conservative_content_screen,Preserved audit decision; text is intentionally not released.
1206,OpenAI,medium,exclude_non_ai,preserved_conservative_content_screen,Preserved audit decision; text is intentionally not released.
1207,OpenAI,medium,retain,preserved_conservative_content_screen,Preserved audit decision; text is intentionally not released.
1208,OpenAI,medium,exclude_non_ai,preserved_conservative_content_screen,Preserved audit decision; text is intentionally not released.
1209,OpenAI,medium,retain,preserved_conservative_content_screen,Preserved audit decision; text is intentionally not released.
1210,OpenAI,medium,retain,preserved_conservative_content_screen,Preserved audit decision; text is intentionally not released.
1211,OpenAI,medium,retain,preserved_conservative_content_screen,Preserved audit decision; text is intentionally not released.
1212,OpenAI,medium,retain,preserved_conservative_content_screen,Preserved audit decision; text is intentionally not released.
1213,OpenAI,medium,retain,preserved_conservative_content_screen,Preserved audit decision; text is intentionally not released.
1214,OpenAI,medium,retain,preserved_conservative_content_screen,Preserved audit decision; text is intentionally not released.
1215,OpenAI,medium,retain,preserved_conservative_content_screen,Preserved audit decision; text is intentionally not released.
1216,OpenAI,medium,retain,preserved_conservative_content_screen,Preserved audit decision; text is intentionally not released.
1217,OpenAI,medium,exclude_non_ai,preserved_conservative_content_screen,Preserved audit decision; text is intentionally not released.
1218,OpenAI,medium,exclude_non_ai,preserved_conservative_content_screen,Preserved audit decision; text is intentionally not released.
1219,OpenAI,medium,retain,preserved_conservative_content_screen,Preserved audit decision; text is intentionally not released.
1220,OpenAI,medium,retain,preserved_conservative_content_screen,Preserved audit decision; text is intentionally not released.
1221,OpenAI,medium,retain,preserved_conservative_content_screen,Preserved audit decision; text is intentionally not released.
1222,OpenAI,medium,retain,preserved_conservative_content_screen,Preserved audit decision; text is intentionally not released.
1223,OpenAI,medium,retain,preserved_conservative_content_screen,Preserved audit decision; text is intentionally not released.
1224,OpenAI,medium,retain,preserved_conservative_content_screen,Preserved audit decision; text is intentionally not released.
1225,OpenAI,medium,retain,preserved_conservative_content_screen,Preserved audit decision; text is intentionally not released.
1226,OpenAI,medium,retain,preserved_conservative_content_screen,Preserved audit decision; text is intentionally not released.
1227,OpenAI,medium,retain,preserved_conservative_content_screen,Preserved audit decision; text is intentionally not released.
1228,OpenAI,medium,retain,preserved_conservative_content_screen,Preserved audit decision; text is intentionally not released.
1229,OpenAI,medium,retain,preserved_conservative_content_screen,Preserved audit decision; text is intentionally not released.
1230,OpenAI,medium,retain,preserved_conservative_content_screen,Preserved audit decision; text is intentionally not released.
1231,OpenAI,medium,retain,preserved_conservative_content_screen,Preserved audit decision; text is intentionally not released.
1232,OpenAI,medium,retain,preserved_conservative_content_screen,Preserved audit decision; text is intentionally not released.
1233,OpenAI,medium,retain,preserved_conservative_content_screen,Preserved audit decision; text is intentionally not released.
1234,OpenAI,medium,retain,preserved_conservative_content_screen,Preserved audit decision; text is intentionally not released.
1235,OpenAI,medium,retain,preserved_conservative_content_screen,Preserved audit decision; text is intentionally not released.
1236,OpenAI,medium,retain,preserved_conservative_content_screen,Preserved audit decision; text is intentionally not released.
1237,OpenAI,medium,retain,preserved_conservative_content_screen,Preserved audit decision; text is intentionally not released.
1238,OpenAI,medium,exclude_non_ai,preserved_conservative_content_screen,Preserved audit decision; text is intentionally not released.
1239,OpenAI,medium,retain,preserved_conservative_content_screen,Preserved audit decision; text is intentionally not released.
1240,OpenAI,medium,retain,preserved_conservative_content_screen,Preserved audit decision; text is intentionally not released.
1241,OpenAI,medium,retain,preserved_conservative_content_screen,Preserved audit decision; text is intentionally not released.
1242,OpenAI,medium,retain,preserved_conservative_content_screen,Preserved audit decision; text is intentionally not released.
1243,OpenAI,medium,retain,preserved_conservative_content_screen,Preserved audit decision; text is intentionally not released.
1244,OpenAI,medium,retain,preserved_conservative_content_screen,Preserved audit decision; text is intentionally not released.
1245,OpenAI,medium,retain,preserved_conservative_content_screen,Preserved audit decision; text is intentionally not released.
1246,OpenAI,medium,retain,preserved_conservative_content_screen,Preserved audit decision; text is intentionally not released.
1247,OpenAI,medium,retain,preserved_conservative_content_screen,Preserved audit decision; text is intentionally not released.
1248,OpenAI,medium,exclude_non_ai,preserved_conservative_content_screen,Preserved audit decision; text is intentionally not released.
1249,OpenAI,medium,retain,preserved_conservative_content_screen,Preserved audit decision; text is intentionally not released.
1250,OpenAI,medium,retain,preserved_conservative_content_screen,Preserved audit decision; text is intentionally not released.
1251,OpenAI,medium,retain,preserved_conservative_content_screen,Preserved audit decision; text is intentionally not released.
1252,OpenAI,medium,retain,preserved_conservative_content_screen,Preserved audit decision; text is intentionally not released.
1253,OpenAI,medium,retain,preserved_conservative_content_screen,Preserved audit decision; text is intentionally not released.
1254,OpenAI,medium,retain,preserved_conservative_content_screen,Preserved audit decision; text is intentionally not released.
1255,OpenAI,medium,retain,preserved_conservative_content_screen,Preserved audit decision; text is intentionally not released.
1256,OpenAI,medium,retain,preserved_conservative_content_screen,Preserved audit decision; text is intentionally not released.
1257,OpenAI,medium,retain,preserved_conservative_content_screen,Preserved audit decision; text is intentionally not released.
1258,OpenAI,medium,retain,preserved_conservative_content_screen,Preserved audit decision; text is intentionally not released.
1259,OpenAI,medium,retain,preserved_conservative_content_screen,Preserved audit decision; text is intentionally not released.
1260,OpenAI,medium,retain,preserved_conservative_content_screen,Preserved audit decision; text is intentionally not released.
1261,OpenAI,medium,retain,preserved_conservative_content_screen,Preserved audit decision; text is intentionally not released.
1262,OpenAI,medium,retain,preserved_conservative_content_screen,Preserved audit decision; text is intentionally not released.
1263,OpenAI,medium,retain,preserved_conservative_content_screen,Preserved audit decision; text is intentionally not released.
1264,OpenAI,medium,retain,preserved_conservative_content_screen,Preserved audit decision; text is intentionally not released.
1265,OpenAI,medium,retain,preserved_conservative_content_screen,Preserved audit decision; text is intentionally not released.
1266,OpenAI,medium,retain,preserved_conservative_content_screen,Preserved audit decision; text is intentionally not released.
1267,OpenAI,medium,retain,preserved_conservative_content_screen,Preserved audit decision; text is intentionally not released.
1268,OpenAI,medium,retain,preserved_conservative_content_screen,Preserved audit decision; text is intentionally not released.
1269,OpenAI,medium,retain,preserved_conservative_content_screen,Preserved audit decision; text is intentionally not released.
1270,OpenAI,medium,retain,preserved_conservative_content_screen,Preserved audit decision; text is intentionally not released.
1271,OpenAI,medium,retain,preserved_conservative_content_screen,Preserved audit decision; text is intentionally not released.
1272,OpenAI,medium,retain,preserved_conservative_content_screen,Preserved audit decision; text is intentionally not released.
1273,OpenAI,medium,retain,preserved_conservative_content_screen,Preserved audit decision; text is intentionally not released.
1274,OpenAI,medium,retain,preserved_conservative_content_screen,Preserved audit decision; text is intentionally not released.
1275,OpenAI,medium,retain,preserved_conservative_content_screen,Preserved audit decision; text is intentionally not released.
1276,OpenAI,medium,retain,preserved_conservative_content_screen,Preserved audit decision; text is intentionally not released.
1277,OpenAI,medium,retain,preserved_conservative_content_screen,Preserved audit decision; text is intentionally not released.
1278,OpenAI,medium,retain,preserved_conservative_content_screen,Preserved audit decision; text is intentionally not released.
1279,OpenAI,medium,retain,preserved_conservative_content_screen,Preserved audit decision; text is intentionally not released.
1280,OpenAI,medium,retain,preserved_conservative_content_screen,Preserved audit decision; text is intentionally not released.
1281,OpenAI,medium,retain,preserved_conservative_content_screen,Preserved audit decision; text is intentionally not released.
1282,OpenAI,medium,retain,preserved_conservative_content_screen,Preserved audit decision; text is intentionally not released.
1283,OpenAI,medium,retain,preserved_conservative_content_screen,Preserved audit decision; text is intentionally not released.
1284,OpenAI,medium,retain,preserved_conservative_content_screen,Preserved audit decision; text is intentionally not released.
1285,OpenAI,medium,retain,preserved_conservative_content_screen,Preserved audit decision; text is intentionally not released.
1286,OpenAI,medium,retain,preserved_conservative_content_screen,Preserved audit decision; text is intentionally not released.
1287,OpenAI,medium,retain,preserved_conservative_content_screen,Preserved audit decision; text is intentionally not released.
1288,OpenAI,medium,retain,preserved_conservative_content_screen,Preserved audit decision; text is intentionally not released.
1289,OpenAI,medium,retain,preserved_conservative_content_screen,Preserved audit decision; text is intentionally not released.
1290,OpenAI,medium,retain,preserved_conservative_content_screen,Preserved audit decision; text is intentionally not released.
1291,OpenAI,medium,retain,preserved_conservative_content_screen,Preserved audit decision; text is intentionally not released.
1292,OpenAI,medium,retain,preserved_conservative_content_screen,Preserved audit decision; text is intentionally not released.
1293,OpenAI,medium,retain,preserved_conservative_content_screen,Preserved audit decision; text is intentionally not released.
1294,OpenAI,medium,retain,preserved_conservative_content_screen,Preserved audit decision; text is intentionally not released.
1295,OpenAI,medium,retain,preserved_conservative_content_screen,Preserved audit decision; text is intentionally not released.
1296,OpenAI,medium,retain,preserved_conservative_content_screen,Preserved audit decision; text is intentionally not released.
1297,OpenAI,medium,retain,preserved_conservative_content_screen,Preserved audit decision; text is intentionally not released.
1298,OpenAI,medium,retain,preserved_conservative_content_screen,Preserved audit decision; text is intentionally not released.
1299,OpenAI,medium,retain,preserved_conservative_content_screen,Preserved audit decision; text is intentionally not released.
1300,OpenAI,medium,retain,preserved_conservative_content_screen,Preserved audit decision; text is intentionally not released.
1301,OpenAI,medium,retain,preserved_conservative_content_screen,Preserved audit decision; text is intentionally not released.
1302,OpenAI,medium,retain,preserved_conservative_content_screen,Preserved audit decision; text is intentionally not released.
1303,OpenAI,medium,retain,preserved_conservative_content_screen,Preserved audit decision; text is intentionally not released.
1304,OpenAI,medium,retain,preserved_conservative_content_screen,Preserved audit decision; text is intentionally not released.
1305,OpenAI,medium,retain,preserved_conservative_content_screen,Preserved audit decision; text is intentionally not released.
1306,OpenAI,medium,retain,preserved_conservative_content_screen,Preserved audit decision; text is intentionally not released.
1307,OpenAI,medium,retain,preserved_conservative_content_screen,Preserved audit decision; text is intentionally not released.
1308,OpenAI,medium,retain,preserved_conservative_content_screen,Preserved audit decision; text is intentionally not released.
1309,OpenAI,medium,retain,preserved_conservative_content_screen,Preserved audit decision; text is intentionally not released.
1310,OpenAI,medium,retain,preserved_conservative_content_screen,Preserved audit decision; text is intentionally not released.
1311,OpenAI,medium,retain,preserved_conservative_content_screen,Preserved audit decision; text is intentionally not released.
1312,OpenAI,medium,retain,preserved_conservative_content_screen,Preserved audit decision; text is intentionally not released.
1313,OpenAI,medium,retain,preserved_conservative_content_screen,Preserved audit decision; text is intentionally not released.
1314,OpenAI,medium,retain,preserved_conservative_content_screen,Preserved audit decision; text is intentionally not released.
1315,OpenAI,medium,retain,preserved_conservative_content_screen,Preserved audit decision; text is intentionally not released.
1316,OpenAI,medium,retain,preserved_conservative_content_screen,Preserved audit decision; text is intentionally not released.
1317,OpenAI,medium,retain,preserved_conservative_content_screen,Preserved audit decision; text is intentionally not released.
1318,OpenAI,medium,retain,preserved_conservative_content_screen,Preserved audit decision; text is intentionally not released.
1319,OpenAI,medium,retain,preserved_conservative_content_screen,Preserved audit decision; text is intentionally not released.
1320,OpenAI,medium,retain,preserved_conservative_content_screen,Preserved audit decision; text is intentionally not released.
1321,OpenAI,medium,retain,preserved_conservative_content_screen,Preserved audit decision; text is intentionally not released.
1322,OpenAI,medium,retain,preserved_conservative_content_screen,Preserved audit decision; text is intentionally not released.
1323,OpenAI,medium,retain,preserved_conservative_content_screen,Preserved audit decision; text is intentionally not released.
1324,OpenAI,medium,retain,preserved_conservative_content_screen,Preserved audit decision; text is intentionally not released.
1325,OpenAI,medium,retain,preserved_conservative_content_screen,Preserved audit decision; text is intentionally not released.
1326,OpenAI,medium,retain,preserved_conservative_content_screen,Preserved audit decision; text is intentionally not released.
1327,OpenAI,medium,retain,preserved_conservative_content_screen,Preserved audit decision; text is intentionally not released.
1328,OpenAI,medium,retain,preserved_conservative_content_screen,Preserved audit decision; text is intentionally not released.
1329,OpenAI,medium,retain,preserved_conservative_content_screen,Preserved audit decision; text is intentionally not released.
1330,OpenAI,medium,retain,preserved_conservative_content_screen,Preserved audit decision; text is intentionally not released.
1331,OpenAI,medium,retain,preserved_conservative_content_screen,Preserved audit decision; text is intentionally not released.
1332,OpenAI,medium,retain,preserved_conservative_content_screen,Preserved audit decision; text is intentionally not released.
1333,OpenAI,medium,retain,preserved_conservative_content_screen,Preserved audit decision; text is intentionally not released.
1334,OpenAI,medium,retain,preserved_conservative_content_screen,Preserved audit decision; text is intentionally not released.
1335,OpenAI,medium,retain,preserved_conservative_content_screen,Preserved audit decision; text is intentionally not released.
1336,OpenAI,medium,retain,preserved_conservative_content_screen,Preserved audit decision; text is intentionally not released.
1337,OpenAI,medium,retain,preserved_conservative_content_screen,Preserved audit decision; text is intentionally not released.
1338,OpenAI,medium,retain,preserved_conservative_content_screen,Preserved audit decision; text is intentionally not released.
1339,OpenAI,medium,retain,preserved_conservative_content_screen,Preserved audit decision; text is intentionally not released.
1340,OpenAI,medium,retain,preserved_conservative_content_screen,Preserved audit decision; text is intentionally not released.
1341,OpenAI,medium,retain,preserved_conservative_content_screen,Preserved audit decision; text is intentionally not released.
1342,OpenAI,medium,retain,preserved_conservative_content_screen,Preserved audit decision; text is intentionally not released.
1343,OpenAI,medium,exclude_non_ai,preserved_conservative_content_screen,Preserved audit decision; text is intentionally not released.
1344,OpenAI,medium,retain,preserved_conservative_content_screen,Preserved audit decision; text is intentionally not released.
1345,OpenAI,medium,retain,preserved_conservative_content_screen,Preserved audit decision; text is intentionally not released.
1346,OpenAI,medium,retain,preserved_conservative_content_screen,Preserved audit decision; text is intentionally not released.
1347,OpenAI,medium,retain,preserved_conservative_content_screen,Preserved audit decision; text is intentionally not released.
1348,OpenAI,medium,retain,preserved_conservative_content_screen,Preserved audit decision; text is intentionally not released.
1349,OpenAI,medium,retain,preserved_conservative_content_screen,Preserved audit decision; text is intentionally not released.
1350,OpenAI,medium,retain,preserved_conservative_content_screen,Preserved audit decision; text is intentionally not released.
1351,OpenAI,medium,exclude_non_ai,preserved_conservative_content_screen,Preserved audit decision; text is intentionally not released.
1352,OpenAI,medium,retain,preserved_conservative_content_screen,Preserved audit decision; text is intentionally not released.
1353,OpenAI,medium,retain,preserved_conservative_content_screen,Preserved audit decision; text is intentionally not released.
1354,OpenAI,medium,retain,preserved_conservative_content_screen,Preserved audit decision; text is intentionally not released.
1355,OpenAI,medium,retain,preserved_conservative_content_screen,Preserved audit decision; text is intentionally not released.
1356,OpenAI,medium,retain,preserved_conservative_content_screen,Preserved audit decision; text is intentionally not released.
1357,OpenAI,medium,retain,preserved_conservative_content_screen,Preserved audit decision; text is intentionally not released.
1358,OpenAI,medium,retain,preserved_conservative_content_screen,Preserved audit decision; text is intentionally not released.
1359,OpenAI,medium,retain,preserved_conservative_content_screen,Preserved audit decision; text is intentionally not released.
1360,OpenAI,medium,exclude_non_ai,preserved_conservative_content_screen,Preserved audit decision; text is intentionally not released.
1361,OpenAI,medium,retain,preserved_conservative_content_screen,Preserved audit decision; text is intentionally not released.
1362,OpenAI,medium,retain,preserved_conservative_content_screen,Preserved audit decision; text is intentionally not released.
1363,OpenAI,medium,retain,preserved_conservative_content_screen,Preserved audit decision; text is intentionally not released.
1364,OpenAI,medium,retain,preserved_conservative_content_screen,Preserved audit decision; text is intentionally not released.
1365,OpenAI,medium,retain,preserved_conservative_content_screen,Preserved audit decision; text is intentionally not released.
1366,OpenAI,medium,retain,preserved_conservative_content_screen,Preserved audit decision; text is intentionally not released.
1367,OpenAI,medium,retain,preserved_conservative_content_screen,Preserved audit decision; text is intentionally not released.
1368,OpenAI,medium,retain,preserved_conservative_content_screen,Preserved audit decision; text is intentionally not released.
1369,OpenAI,medium,retain,preserved_conservative_content_screen,Preserved audit decision; text is intentionally not released.
1370,OpenAI,medium,retain,preserved_conservative_content_screen,Preserved audit decision; text is intentionally not released.
1371,OpenAI,medium,retain,preserved_conservative_content_screen,Preserved audit decision; text is intentionally not released.
1372,OpenAI,medium,retain,preserved_conservative_content_screen,Preserved audit decision; text is intentionally not released.
1373,OpenAI,medium,retain,preserved_conservative_content_screen,Preserved audit decision; text is intentionally not released.
1374,OpenAI,medium,retain,preserved_conservative_content_screen,Preserved audit decision; text is intentionally not released.
1375,OpenAI,medium,retain,preserved_conservative_content_screen,Preserved audit decision; text is intentionally not released.
1376,OpenAI,medium,retain,preserved_conservative_content_screen,Preserved audit decision; text is intentionally not released.
1377,OpenAI,medium,retain,preserved_conservative_content_screen,Preserved audit decision; text is intentionally not released.
1378,OpenAI,medium,retain,preserved_conservative_content_screen,Preserved audit decision; text is intentionally not released.
1379,OpenAI,medium,retain,preserved_conservative_content_screen,Preserved audit decision; text is intentionally not released.
1380,OpenAI,medium,retain,preserved_conservative_content_screen,Preserved audit decision; text is intentionally not released.
1381,OpenAI,medium,exclude_non_ai,preserved_conservative_content_screen,Preserved audit decision; text is intentionally not released.
1382,OpenAI,medium,retain,preserved_conservative_content_screen,Preserved audit decision; text is intentionally not released.
1383,OpenAI,medium,exclude_non_ai,preserved_conservative_content_screen,Preserved audit decision; text is intentionally not released.
1384,OpenAI,medium,retain,preserved_conservative_content_screen,Preserved audit decision; text is intentionally not released.
1385,OpenAI,medium,retain,preserved_conservative_content_screen,Preserved audit decision; text is intentionally not released.
1386,OpenAI,medium,retain,preserved_conservative_content_screen,Preserved audit decision; text is intentionally not released.
1387,OpenAI,medium,retain,preserved_conservative_content_screen,Preserved audit decision; text is intentionally not released.
1388,deeplearning,high,retain,preserved_conservative_content_screen,Preserved audit decision; text is intentionally not released.
1389,deeplearning,high,retain,preserved_conservative_content_screen,Preserved audit decision; text is intentionally not released.
1390,deeplearning,high,retain,preserved_conservative_content_screen,Preserved audit decision; text is intentionally not released.
1391,deeplearning,high,retain,preserved_conservative_content_screen,Preserved audit decision; text is intentionally not released.
1392,deeplearning,high,retain,preserved_conservative_content_screen,Preserved audit decision; text is intentionally not released.
1393,deeplearning,high,exclude_non_ai,preserved_conservative_content_screen,Preserved audit decision; text is intentionally not released.
1394,deeplearning,high,retain,preserved_conservative_content_screen,Preserved audit decision; text is intentionally not released.
1395,deeplearning,high,retain,preserved_conservative_content_screen,Preserved audit decision; text is intentionally not released.
1396,deeplearning,high,retain,preserved_conservative_content_screen,Preserved audit decision; text is intentionally not released.
1397,deeplearning,high,retain,preserved_conservative_content_screen,Preserved audit decision; text is intentionally not released.
1398,deeplearning,high,retain,preserved_conservative_content_screen,Preserved audit decision; text is intentionally not released.
1399,deeplearning,high,retain,preserved_conservative_content_screen,Preserved audit decision; text is intentionally not released.
1400,deeplearning,high,exclude_non_ai,preserved_conservative_content_screen,Preserved audit decision; text is intentionally not released.
1401,deeplearning,high,retain,preserved_conservative_content_screen,Preserved audit decision; text is intentionally not released.
1402,deeplearning,high,retain,preserved_conservative_content_screen,Preserved audit decision; text is intentionally not released.
1403,deeplearning,high,retain,preserved_conservative_content_screen,Preserved audit decision; text is intentionally not released.
1404,deeplearning,high,retain,preserved_conservative_content_screen,Preserved audit decision; text is intentionally not released.
1405,deeplearning,high,exclude_non_ai,preserved_conservative_content_screen,Preserved audit decision; text is intentionally not released.
1406,deeplearning,high,retain,preserved_conservative_content_screen,Preserved audit decision; text is intentionally not released.
1407,deeplearning,high,retain,preserved_conservative_content_screen,Preserved audit decision; text is intentionally not released.
1408,deeplearning,high,retain,preserved_conservative_content_screen,Preserved audit decision; text is intentionally not released.
1409,deeplearning,high,exclude_non_ai,preserved_conservative_content_screen,Preserved audit decision; text is intentionally not released.
1410,deeplearning,high,exclude_non_ai,preserved_conservative_content_screen,Preserved audit decision; text is intentionally not released.
1411,deeplearning,high,retain,preserved_conservative_content_screen,Preserved audit decision; text is intentionally not released.
1412,deeplearning,high,retain,preserved_conservative_content_screen,Preserved audit decision; text is intentionally not released.
1413,deeplearning,high,retain,preserved_conservative_content_screen,Preserved audit decision; text is intentionally not released.
1414,deeplearning,high,retain,preserved_conservative_content_screen,Preserved audit decision; text is intentionally not released.
1415,deeplearning,high,retain,preserved_conservative_content_screen,Preserved audit decision; text is intentionally not released.
1416,deeplearning,high,retain,preserved_conservative_content_screen,Preserved audit decision; text is intentionally not released.
1417,deeplearning,high,retain,preserved_conservative_content_screen,Preserved audit decision; text is intentionally not released.
1418,deeplearning,high,retain,preserved_conservative_content_screen,Preserved audit decision; text is intentionally not released.
1419,deeplearning,high,retain,preserved_conservative_content_screen,Preserved audit decision; text is intentionally not released.
1420,deeplearning,high,exclude_non_ai,preserved_conservative_content_screen,Preserved audit decision; text is intentionally not released.
1421,deeplearning,high,retain,preserved_conservative_content_screen,Preserved audit decision; text is intentionally not released.
1422,deeplearning,high,retain,preserved_conservative_content_screen,Preserved audit decision; text is intentionally not released.
1423,deeplearning,high,retain,preserved_conservative_content_screen,Preserved audit decision; text is intentionally not released.
1424,deeplearning,high,exclude_non_ai,preserved_conservative_content_screen,Preserved audit decision; text is intentionally not released.
1425,deeplearning,high,retain,preserved_conservative_content_screen,Preserved audit decision; text is intentionally not released.
1426,deeplearning,high,retain,preserved_conservative_content_screen,Preserved audit decision; text is intentionally not released.
1427,deeplearning,high,retain,preserved_conservative_content_screen,Preserved audit decision; text is intentionally not released.
1428,deeplearning,high,retain,preserved_conservative_content_screen,Preserved audit decision; text is intentionally not released.
1429,deeplearning,high,exclude_non_ai,preserved_conservative_content_screen,Preserved audit decision; text is intentionally not released.
1430,deeplearning,high,retain,preserved_conservative_content_screen,Preserved audit decision; text is intentionally not released.
1431,deeplearning,high,retain,preserved_conservative_content_screen,Preserved audit decision; text is intentionally not released.
1432,deeplearning,high,retain,preserved_conservative_content_screen,Preserved audit decision; text is intentionally not released.
1433,deeplearning,high,retain,preserved_conservative_content_screen,Preserved audit decision; text is intentionally not released.
1434,deeplearning,high,retain,preserved_conservative_content_screen,Preserved audit decision; text is intentionally not released.
1435,deeplearning,high,retain,preserved_conservative_content_screen,Preserved audit decision; text is intentionally not released.
1436,deeplearning,high,retain,preserved_conservative_content_screen,Preserved audit decision; text is intentionally not released.
1437,deeplearning,high,retain,preserved_conservative_content_screen,Preserved audit decision; text is intentionally not released.
1438,deeplearning,high,retain,preserved_conservative_content_screen,Preserved audit decision; text is intentionally not released.
1439,deeplearning,high,retain,preserved_conservative_content_screen,Preserved audit decision; text is intentionally not released.
1440,deeplearning,high,retain,preserved_conservative_content_screen,Preserved audit decision; text is intentionally not released.
1441,deeplearning,high,exclude_non_ai,preserved_conservative_content_screen,Preserved audit decision; text is intentionally not released.
1442,deeplearning,high,retain,preserved_conservative_content_screen,Preserved audit decision; text is intentionally not released.
1443,deeplearning,high,retain,preserved_conservative_content_screen,Preserved audit decision; text is intentionally not released.
1444,deeplearning,high,retain,preserved_conservative_content_screen,Preserved audit decision; text is intentionally not released.
1445,deeplearning,high,retain,preserved_conservative_content_screen,Preserved audit decision; text is intentionally not released.
1446,deeplearning,high,exclude_non_ai,preserved_conservative_content_screen,Preserved audit decision; text is intentionally not released.
1447,deeplearning,high,retain,preserved_conservative_content_screen,Preserved audit decision; text is intentionally not released.
1448,deeplearning,high,retain,preserved_conservative_content_screen,Preserved audit decision; text is intentionally not released.
1449,deeplearning,high,retain,preserved_conservative_content_screen,Preserved audit decision; text is intentionally not released.
1450,deeplearning,high,retain,preserved_conservative_content_screen,Preserved audit decision; text is intentionally not released.
1451,deeplearning,high,retain,preserved_conservative_content_screen,Preserved audit decision; text is intentionally not released.
1452,deeplearning,high,retain,preserved_conservative_content_screen,Preserved audit decision; text is intentionally not released.
1453,deeplearning,high,retain,preserved_conservative_content_screen,Preserved audit decision; text is intentionally not released.
1454,deeplearning,high,retain,preserved_conservative_content_screen,Preserved audit decision; text is intentionally not released.
1455,deeplearning,high,retain,preserved_conservative_content_screen,Preserved audit decision; text is intentionally not released.
1456,deeplearning,high,retain,preserved_conservative_content_screen,Preserved audit decision; text is intentionally not released.
1457,deeplearning,high,retain,preserved_conservative_content_screen,Preserved audit decision; text is intentionally not released.
1458,deeplearning,high,retain,preserved_conservative_content_screen,Preserved audit decision; text is intentionally not released.
1459,deeplearning,high,retain,preserved_conservative_content_screen,Preserved audit decision; text is intentionally not released.
1460,deeplearning,high,retain,preserved_conservative_content_screen,Preserved audit decision; text is intentionally not released.
1461,deeplearning,high,retain,preserved_conservative_content_screen,Preserved audit decision; text is intentionally not released.
1462,deeplearning,high,retain,preserved_conservative_content_screen,Preserved audit decision; text is intentionally not released.
1463,deeplearning,high,retain,preserved_conservative_content_screen,Preserved audit decision; text is intentionally not released.
1464,deeplearning,high,retain,preserved_conservative_content_screen,Preserved audit decision; text is intentionally not released.
1465,deeplearning,high,retain,preserved_conservative_content_screen,Preserved audit decision; text is intentionally not released.
1466,deeplearning,high,retain,preserved_conservative_content_screen,Preserved audit decision; text is intentionally not released.
1467,deeplearning,high,retain,preserved_conservative_content_screen,Preserved audit decision; text is intentionally not released.
1468,deeplearning,high,retain,preserved_conservative_content_screen,Preserved audit decision; text is intentionally not released.
1469,deeplearning,high,exclude_non_ai,preserved_conservative_content_screen,Preserved audit decision; text is intentionally not released.
1470,deeplearning,high,retain,preserved_conservative_content_screen,Preserved audit decision; text is intentionally not released.
1471,deeplearning,high,exclude_non_ai,preserved_conservative_content_screen,Preserved audit decision; text is intentionally not released.
1472,deeplearning,high,retain,preserved_conservative_content_screen,Preserved audit decision; text is intentionally not released.
1473,deeplearning,high,exclude_non_ai,preserved_conservative_content_screen,Preserved audit decision; text is intentionally not released.
1474,deeplearning,high,retain,preserved_conservative_content_screen,Preserved audit decision; text is intentionally not released.
1475,deeplearning,high,retain,preserved_conservative_content_screen,Preserved audit decision; text is intentionally not released.
1476,deeplearning,high,retain,preserved_conservative_content_screen,Preserved audit decision; text is intentionally not released.
1477,deeplearning,high,retain,preserved_conservative_content_screen,Preserved audit decision; text is intentionally not released.
1478,deeplearning,high,retain,preserved_conservative_content_screen,Preserved audit decision; text is intentionally not released.
1479,deeplearning,high,retain,preserved_conservative_content_screen,Preserved audit decision; text is intentionally not released.
1480,deeplearning,high,exclude_non_ai,preserved_conservative_content_screen,Preserved audit decision; text is intentionally not released.
1481,deeplearning,high,retain,preserved_conservative_content_screen,Preserved audit decision; text is intentionally not released.
1482,deeplearning,high,retain,preserved_conservative_content_screen,Preserved audit decision; text is intentionally not released.
1483,deeplearning,high,retain,preserved_conservative_content_screen,Preserved audit decision; text is intentionally not released.
1484,deeplearning,high,retain,preserved_conservative_content_screen,Preserved audit decision; text is intentionally not released.
1485,deeplearning,high,retain,preserved_conservative_content_screen,Preserved audit decision; text is intentionally not released.
1486,deeplearning,high,retain,preserved_conservative_content_screen,Preserved audit decision; text is intentionally not released.
1487,deeplearning,high,retain,preserved_conservative_content_screen,Preserved audit decision; text is intentionally not released.
1488,deeplearning,high,retain,preserved_conservative_content_screen,Preserved audit decision; text is intentionally not released.
1489,deeplearning,high,retain,preserved_conservative_content_screen,Preserved audit decision; text is intentionally not released.
1490,deeplearning,high,retain,preserved_conservative_content_screen,Preserved audit decision; text is intentionally not released.
1491,deeplearning,high,retain,preserved_conservative_content_screen,Preserved audit decision; text is intentionally not released.
1492,deeplearning,high,retain,preserved_conservative_content_screen,Preserved audit decision; text is intentionally not released.
1493,deeplearning,high,retain,preserved_conservative_content_screen,Preserved audit decision; text is intentionally not released.
1494,deeplearning,high,retain,preserved_conservative_content_screen,Preserved audit decision; text is intentionally not released.
1495,deeplearning,high,retain,preserved_conservative_content_screen,Preserved audit decision; text is intentionally not released.
1496,deeplearning,high,retain,preserved_conservative_content_screen,Preserved audit decision; text is intentionally not released.
1497,deeplearning,high,retain,preserved_conservative_content_screen,Preserved audit decision; text is intentionally not released.
1498,deeplearning,high,retain,preserved_conservative_content_screen,Preserved audit decision; text is intentionally not released.
1499,deeplearning,high,retain,preserved_conservative_content_screen,Preserved audit decision; text is intentionally not released.
1500,deeplearning,high,retain,preserved_conservative_content_screen,Preserved audit decision; text is intentionally not released.
1501,deeplearning,high,retain,preserved_conservative_content_screen,Preserved audit decision; text is intentionally not released.
1502,deeplearning,high,retain,preserved_conservative_content_screen,Preserved audit decision; text is intentionally not released.
1503,deeplearning,high,retain,preserved_conservative_content_screen,Preserved audit decision; text is intentionally not released.
1504,deeplearning,high,retain,preserved_conservative_content_screen,Preserved audit decision; text is intentionally not released.
1505,deeplearning,high,retain,preserved_conservative_content_screen,Preserved audit decision; text is intentionally not released.
1506,deeplearning,high,exclude_non_ai,preserved_conservative_content_screen,Preserved audit decision; text is intentionally not released.
1507,deeplearning,high,retain,preserved_conservative_content_screen,Preserved audit decision; text is intentionally not released.
1508,deeplearning,high,retain,preserved_conservative_content_screen,Preserved audit decision; text is intentionally not released.
1509,deeplearning,high,retain,preserved_conservative_content_screen,Preserved audit decision; text is intentionally not released.
1510,deeplearning,high,retain,preserved_conservative_content_screen,Preserved audit decision; text is intentionally not released.
1511,deeplearning,high,exclude_non_ai,preserved_conservative_content_screen,Preserved audit decision; text is intentionally not released.
1512,deeplearning,high,retain,preserved_conservative_content_screen,Preserved audit decision; text is intentionally not released.
1513,deeplearning,high,retain,preserved_conservative_content_screen,Preserved audit decision; text is intentionally not released.
1514,deeplearning,high,retain,preserved_conservative_content_screen,Preserved audit decision; text is intentionally not released.
1515,deeplearning,high,retain,preserved_conservative_content_screen,Preserved audit decision; text is intentionally not released.
1516,deeplearning,high,exclude_non_ai,preserved_conservative_content_screen,Preserved audit decision; text is intentionally not released.
1517,deeplearning,high,retain,preserved_conservative_content_screen,Preserved audit decision; text is intentionally not released.
1518,deeplearning,high,exclude_non_ai,preserved_conservative_content_screen,Preserved audit decision; text is intentionally not released.
1519,deeplearning,high,retain,preserved_conservative_content_screen,Preserved audit decision; text is intentionally not released.
1520,deeplearning,high,retain,preserved_conservative_content_screen,Preserved audit decision; text is intentionally not released.
1521,deeplearning,high,retain,preserved_conservative_content_screen,Preserved audit decision; text is intentionally not released.
1522,deeplearning,high,retain,preserved_conservative_content_screen,Preserved audit decision; text is intentionally not released.
1523,deeplearning,high,retain,preserved_conservative_content_screen,Preserved audit decision; text is intentionally not released.
1524,deeplearning,high,retain,preserved_conservative_content_screen,Preserved audit decision; text is intentionally not released.
1525,deeplearning,high,exclude_non_ai,preserved_conservative_content_screen,Preserved audit decision; text is intentionally not released.
1526,deeplearning,high,retain,preserved_conservative_content_screen,Preserved audit decision; text is intentionally not released.
1527,deeplearning,high,retain,preserved_conservative_content_screen,Preserved audit decision; text is intentionally not released.
1528,deeplearning,high,exclude_non_ai,preserved_conservative_content_screen,Preserved audit decision; text is intentionally not released.
1529,deeplearning,high,retain,preserved_conservative_content_screen,Preserved audit decision; text is intentionally not released.
1530,deeplearning,high,retain,preserved_conservative_content_screen,Preserved audit decision; text is intentionally not released.
1531,deeplearning,high,retain,preserved_conservative_content_screen,Preserved audit decision; text is intentionally not released.
1532,deeplearning,high,retain,preserved_conservative_content_screen,Preserved audit decision; text is intentionally not released.
1533,deeplearning,high,exclude_non_ai,preserved_conservative_content_screen,Preserved audit decision; text is intentionally not released.
1534,deeplearning,high,retain,preserved_conservative_content_screen,Preserved audit decision; text is intentionally not released.
1535,deeplearning,high,retain,preserved_conservative_content_screen,Preserved audit decision; text is intentionally not released.
1536,deeplearning,high,retain,preserved_conservative_content_screen,Preserved audit decision; text is intentionally not released.
1537,deeplearning,high,retain,preserved_conservative_content_screen,Preserved audit decision; text is intentionally not released.
1538,deeplearning,high,retain,preserved_conservative_content_screen,Preserved audit decision; text is intentionally not released.
1539,deeplearning,high,retain,preserved_conservative_content_screen,Preserved audit decision; text is intentionally not released.
1540,deeplearning,high,retain,preserved_conservative_content_screen,Preserved audit decision; text is intentionally not released.
1541,deeplearning,high,exclude_non_ai,preserved_conservative_content_screen,Preserved audit decision; text is intentionally not released.
1542,deeplearning,high,retain,preserved_conservative_content_screen,Preserved audit decision; text is intentionally not released.
1543,deeplearning,high,retain,preserved_conservative_content_screen,Preserved audit decision; text is intentionally not released.
1544,deeplearning,high,exclude_non_ai,preserved_conservative_content_screen,Preserved audit decision; text is intentionally not released.
1545,deeplearning,high,exclude_non_ai,preserved_conservative_content_screen,Preserved audit decision; text is intentionally not released.
1546,deeplearning,high,exclude_non_ai,preserved_conservative_content_screen,Preserved audit decision; text is intentionally not released.
1547,deeplearning,high,retain,preserved_conservative_content_screen,Preserved audit decision; text is intentionally not released.
1548,deeplearning,high,exclude_non_ai,preserved_conservative_content_screen,Preserved audit decision; text is intentionally not released.
1549,deeplearning,high,retain,preserved_conservative_content_screen,Preserved audit decision; text is intentionally not released.
1550,deeplearning,high,retain,preserved_conservative_content_screen,Preserved audit decision; text is intentionally not released.
1551,deeplearning,high,retain,preserved_conservative_content_screen,Preserved audit decision; text is intentionally not released.
1552,deeplearning,high,retain,preserved_conservative_content_screen,Preserved audit decision; text is intentionally not released.
1553,deeplearning,high,retain,preserved_conservative_content_screen,Preserved audit decision; text is intentionally not released.
1554,deeplearning,high,retain,preserved_conservative_content_screen,Preserved audit decision; text is intentionally not released.
1555,deeplearning,high,exclude_non_ai,preserved_conservative_content_screen,Preserved audit decision; text is intentionally not released.
1556,deeplearning,high,retain,preserved_conservative_content_screen,Preserved audit decision; text is intentionally not released.
1557,deeplearning,high,retain,preserved_conservative_content_screen,Preserved audit decision; text is intentionally not released.
1558,deeplearning,high,retain,preserved_conservative_content_screen,Preserved audit decision; text is intentionally not released.
1559,deeplearning,high,retain,preserved_conservative_content_screen,Preserved audit decision; text is intentionally not released.
1560,deeplearning,high,retain,preserved_conservative_content_screen,Preserved audit decision; text is intentionally not released.
1561,deeplearning,high,retain,preserved_conservative_content_screen,Preserved audit decision; text is intentionally not released.
1562,deeplearning,high,retain,preserved_conservative_content_screen,Preserved audit decision; text is intentionally not released.
1563,deeplearning,high,retain,preserved_conservative_content_screen,Preserved audit decision; text is intentionally not released.
1564,deeplearning,high,retain,preserved_conservative_content_screen,Preserved audit decision; text is intentionally not released.
1565,deeplearning,high,retain,preserved_conservative_content_screen,Preserved audit decision; text is intentionally not released.
1566,deeplearning,high,retain,preserved_conservative_content_screen,Preserved audit decision; text is intentionally not released.
1567,deeplearning,high,retain,preserved_conservative_content_screen,Preserved audit decision; text is intentionally not released.
1568,deeplearning,high,retain,preserved_conservative_content_screen,Preserved audit decision; text is intentionally not released.
1569,deeplearning,high,retain,preserved_conservative_content_screen,Preserved audit decision; text is intentionally not released.
1570,deeplearning,high,retain,preserved_conservative_content_screen,Preserved audit decision; text is intentionally not released.
1571,deeplearning,high,retain,preserved_conservative_content_screen,Preserved audit decision; text is intentionally not released.
1572,deeplearning,high,retain,preserved_conservative_content_screen,Preserved audit decision; text is intentionally not released.
1573,deeplearning,high,retain,preserved_conservative_content_screen,Preserved audit decision; text is intentionally not released.
1574,deeplearning,high,retain,preserved_conservative_content_screen,Preserved audit decision; text is intentionally not released.
1575,deeplearning,high,retain,preserved_conservative_content_screen,Preserved audit decision; text is intentionally not released.
1576,deeplearning,high,retain,preserved_conservative_content_screen,Preserved audit decision; text is intentionally not released.
1577,deeplearning,high,retain,preserved_conservative_content_screen,Preserved audit decision; text is intentionally not released.
1578,deeplearning,high,exclude_non_ai,preserved_conservative_content_screen,Preserved audit decision; text is intentionally not released.
1579,deeplearning,high,retain,preserved_conservative_content_screen,Preserved audit decision; text is intentionally not released.
1580,deeplearning,high,retain,preserved_conservative_content_screen,Preserved audit decision; text is intentionally not released.
1581,GenerativeAI,low,exclude_non_ai,preserved_conservative_content_screen,Preserved audit decision; text is intentionally not released.
1582,GenerativeAI,low,retain,preserved_conservative_content_screen,Preserved audit decision; text is intentionally not released.
1583,GenerativeAI,low,retain,preserved_conservative_content_screen,Preserved audit decision; text is intentionally not released.
1584,GenerativeAI,low,exclude_non_ai,preserved_conservative_content_screen,Preserved audit decision; text is intentionally not released.
1585,GenerativeAI,low,exclude_non_ai,preserved_conservative_content_screen,Preserved audit decision; text is intentionally not released.
1586,GenerativeAI,low,retain,preserved_conservative_content_screen,Preserved audit decision; text is intentionally not released.
1587,GenerativeAI,low,retain,preserved_conservative_content_screen,Preserved audit decision; text is intentionally not released.
1588,GenerativeAI,low,retain,preserved_conservative_content_screen,Preserved audit decision; text is intentionally not released.
1589,GenerativeAI,low,retain,preserved_conservative_content_screen,Preserved audit decision; text is intentionally not released.
1590,GenerativeAI,low,retain,preserved_conservative_content_screen,Preserved audit decision; text is intentionally not released.
1591,GenerativeAI,low,retain,preserved_conservative_content_screen,Preserved audit decision; text is intentionally not released.
1592,GenerativeAI,low,retain,preserved_conservative_content_screen,Preserved audit decision; text is intentionally not released.
1593,GenerativeAI,low,retain,preserved_conservative_content_screen,Preserved audit decision; text is intentionally not released.
1594,GenerativeAI,low,retain,preserved_conservative_content_screen,Preserved audit decision; text is intentionally not released.
1595,GenerativeAI,low,retain,preserved_conservative_content_screen,Preserved audit decision; text is intentionally not released.
1596,GenerativeAI,low,retain,preserved_conservative_content_screen,Preserved audit decision; text is intentionally not released.
1597,GenerativeAI,low,retain,preserved_conservative_content_screen,Preserved audit decision; text is intentionally not released.
1598,GenerativeAI,low,exclude_non_ai,preserved_conservative_content_screen,Preserved audit decision; text is intentionally not released.
1599,GenerativeAI,low,retain,preserved_conservative_content_screen,Preserved audit decision; text is intentionally not released.
1600,GenerativeAI,low,retain,preserved_conservative_content_screen,Preserved audit decision; text is intentionally not released.
1601,GenerativeAI,low,retain,preserved_conservative_content_screen,Preserved audit decision; text is intentionally not released.
1602,GenerativeAI,low,retain,preserved_conservative_content_screen,Preserved audit decision; text is intentionally not released.
1603,GenerativeAI,low,retain,preserved_conservative_content_screen,Preserved audit decision; text is intentionally not released.
1604,GenerativeAI,low,retain,preserved_conservative_content_screen,Preserved audit decision; text is intentionally not released.
1605,GenerativeAI,low,retain,preserved_conservative_content_screen,Preserved audit decision; text is intentionally not released.
1606,GenerativeAI,low,retain,preserved_conservative_content_screen,Preserved audit decision; text is intentionally not released.
1607,GenerativeAI,low,retain,preserved_conservative_content_screen,Preserved audit decision; text is intentionally not released.
1608,GenerativeAI,low,retain,preserved_conservative_content_screen,Preserved audit decision; text is intentionally not released.
1609,GenerativeAI,low,retain,preserved_conservative_content_screen,Preserved audit decision; text is intentionally not released.
1610,GenerativeAI,low,retain,preserved_conservative_content_screen,Preserved audit decision; text is intentionally not released.
1611,GenerativeAI,low,retain,preserved_conservative_content_screen,Preserved audit decision; text is intentionally not released.
1612,GenerativeAI,low,retain,preserved_conservative_content_screen,Preserved audit decision; text is intentionally not released.
1613,GenerativeAI,low,retain,preserved_conservative_content_screen,Preserved audit decision; text is intentionally not released.
1614,GenerativeAI,low,exclude_non_ai,preserved_conservative_content_screen,Preserved audit decision; text is intentionally not released.
1615,GenerativeAI,low,retain,preserved_conservative_content_screen,Preserved audit decision; text is intentionally not released.
1616,GenerativeAI,low,retain,preserved_conservative_content_screen,Preserved audit decision; text is intentionally not released.
1617,GenerativeAI,low,retain,preserved_conservative_content_screen,Preserved audit decision; text is intentionally not released.
1618,GenerativeAI,low,retain,preserved_conservative_content_screen,Preserved audit decision; text is intentionally not released.
1619,GenerativeAI,low,retain,preserved_conservative_content_screen,Preserved audit decision; text is intentionally not released.
1620,GenerativeAI,low,retain,preserved_conservative_content_screen,Preserved audit decision; text is intentionally not released.
1621,GenerativeAI,low,retain,preserved_conservative_content_screen,Preserved audit decision; text is intentionally not released.
1622,GenerativeAI,low,retain,preserved_conservative_content_screen,Preserved audit decision; text is intentionally not released.
1623,GenerativeAI,low,retain,preserved_conservative_content_screen,Preserved audit decision; text is intentionally not released.
1624,GenerativeAI,low,exclude_non_ai,preserved_conservative_content_screen,Preserved audit decision; text is intentionally not released.
1625,GenerativeAI,low,retain,preserved_conservative_content_screen,Preserved audit decision; text is intentionally not released.
1626,GenerativeAI,low,retain,preserved_conservative_content_screen,Preserved audit decision; text is intentionally not released.
1627,GenerativeAI,low,retain,preserved_conservative_content_screen,Preserved audit decision; text is intentionally not released.
1628,GenerativeAI,low,retain,preserved_conservative_content_screen,Preserved audit decision; text is intentionally not released.
1629,GenerativeAI,low,retain,preserved_conservative_content_screen,Preserved audit decision; text is intentionally not released.
1630,GenerativeAI,low,retain,preserved_conservative_content_screen,Preserved audit decision; text is intentionally not released.
1631,GenerativeAI,low,retain,preserved_conservative_content_screen,Preserved audit decision; text is intentionally not released.
1632,GenerativeAI,low,retain,preserved_conservative_content_screen,Preserved audit decision; text is intentionally not released.
1633,GenerativeAI,low,retain,preserved_conservative_content_screen,Preserved audit decision; text is intentionally not released.
1634,GenerativeAI,low,retain,preserved_conservative_content_screen,Preserved audit decision; text is intentionally not released.
1635,GenerativeAI,low,retain,preserved_conservative_content_screen,Preserved audit decision; text is intentionally not released.
1636,GenerativeAI,low,retain,preserved_conservative_content_screen,Preserved audit decision; text is intentionally not released.
1637,GenerativeAI,low,retain,preserved_conservative_content_screen,Preserved audit decision; text is intentionally not released.
1638,GenerativeAI,low,retain,preserved_conservative_content_screen,Preserved audit decision; text is intentionally not released.
1639,GenerativeAI,low,retain,preserved_conservative_content_screen,Preserved audit decision; text is intentionally not released.
1640,GenerativeAI,low,retain,preserved_conservative_content_screen,Preserved audit decision; text is intentionally not released.
1641,GenerativeAI,low,retain,preserved_conservative_content_screen,Preserved audit decision; text is intentionally not released.
1642,GenerativeAI,low,retain,preserved_conservative_content_screen,Preserved audit decision; text is intentionally not released.
1643,GenerativeAI,low,retain,preserved_conservative_content_screen,Preserved audit decision; text is intentionally not released.
1644,GenerativeAI,low,retain,preserved_conservative_content_screen,Preserved audit decision; text is intentionally not released.
1645,GenerativeAI,low,retain,preserved_conservative_content_screen,Preserved audit decision; text is intentionally not released.
1646,GenerativeAI,low,exclude_non_ai,preserved_conservative_content_screen,Preserved audit decision; text is intentionally not released.
1647,GenerativeAI,low,retain,preserved_conservative_content_screen,Preserved audit decision; text is intentionally not released.
1648,GenerativeAI,low,retain,preserved_conservative_content_screen,Preserved audit decision; text is intentionally not released.
1649,GenerativeAI,low,retain,preserved_conservative_content_screen,Preserved audit decision; text is intentionally not released.
1650,GenerativeAI,low,retain,preserved_conservative_content_screen,Preserved audit decision; text is intentionally not released.
1651,GenerativeAI,low,retain,preserved_conservative_content_screen,Preserved audit decision; text is intentionally not released.
1652,GenerativeAI,low,exclude_non_ai,preserved_conservative_content_screen,Preserved audit decision; text is intentionally not released.
1653,GenerativeAI,low,retain,preserved_conservative_content_screen,Preserved audit decision; text is intentionally not released.
1654,GenerativeAI,low,retain,preserved_conservative_content_screen,Preserved audit decision; text is intentionally not released.
1655,GenerativeAI,low,retain,preserved_conservative_content_screen,Preserved audit decision; text is intentionally not released.
1656,GenerativeAI,low,retain,preserved_conservative_content_screen,Preserved audit decision; text is intentionally not released.
1657,GenerativeAI,low,retain,preserved_conservative_content_screen,Preserved audit decision; text is intentionally not released.
1658,GenerativeAI,low,exclude_non_ai,preserved_conservative_content_screen,Preserved audit decision; text is intentionally not released.
1659,GenerativeAI,low,retain,preserved_conservative_content_screen,Preserved audit decision; text is intentionally not released.
1660,GenerativeAI,low,retain,preserved_conservative_content_screen,Preserved audit decision; text is intentionally not released.
1661,GenerativeAI,low,retain,preserved_conservative_content_screen,Preserved audit decision; text is intentionally not released.
1662,GenerativeAI,low,retain,preserved_conservative_content_screen,Preserved audit decision; text is intentionally not released.
1663,GenerativeAI,low,retain,preserved_conservative_content_screen,Preserved audit decision; text is intentionally not released.
1664,GenerativeAI,low,retain,preserved_conservative_content_screen,Preserved audit decision; text is intentionally not released.
1665,GenerativeAI,low,retain,preserved_conservative_content_screen,Preserved audit decision; text is intentionally not released.
1666,GenerativeAI,low,retain,preserved_conservative_content_screen,Preserved audit decision; text is intentionally not released.
1667,GenerativeAI,low,retain,preserved_conservative_content_screen,Preserved audit decision; text is intentionally not released.
1668,GenerativeAI,low,retain,preserved_conservative_content_screen,Preserved audit decision; text is intentionally not released.
1669,GenerativeAI,low,retain,preserved_conservative_content_screen,Preserved audit decision; text is intentionally not released.
1670,GenerativeAI,low,retain,preserved_conservative_content_screen,Preserved audit decision; text is intentionally not released.
1671,GenerativeAI,low,exclude_non_ai,preserved_conservative_content_screen,Preserved audit decision; text is intentionally not released.
1672,GenerativeAI,low,retain,preserved_conservative_content_screen,Preserved audit decision; text is intentionally not released.
1673,GenerativeAI,low,retain,preserved_conservative_content_screen,Preserved audit decision; text is intentionally not released.
1674,GenerativeAI,low,retain,preserved_conservative_content_screen,Preserved audit decision; text is intentionally not released.
1675,GenerativeAI,low,retain,preserved_conservative_content_screen,Preserved audit decision; text is intentionally not released.
1676,GenerativeAI,low,retain,preserved_conservative_content_screen,Preserved audit decision; text is intentionally not released.
1677,GenerativeAI,low,retain,preserved_conservative_content_screen,Preserved audit decision; text is intentionally not released.
1678,GenerativeAI,low,retain,preserved_conservative_content_screen,Preserved audit decision; text is intentionally not released.
1679,GenerativeAI,low,retain,preserved_conservative_content_screen,Preserved audit decision; text is intentionally not released.
1680,GenerativeAI,low,retain,preserved_conservative_content_screen,Preserved audit decision; text is intentionally not released.
1681,GenerativeAI,low,exclude_non_ai,preserved_conservative_content_screen,Preserved audit decision; text is intentionally not released.
1682,GenerativeAI,low,retain,preserved_conservative_content_screen,Preserved audit decision; text is intentionally not released.
1683,GenerativeAI,low,retain,preserved_conservative_content_screen,Preserved audit decision; text is intentionally not released.
1684,GenerativeAI,low,retain,preserved_conservative_content_screen,Preserved audit decision; text is intentionally not released.
1685,GenerativeAI,low,retain,preserved_conservative_content_screen,Preserved audit decision; text is intentionally not released.
1686,GenerativeAI,low,retain,preserved_conservative_content_screen,Preserved audit decision; text is intentionally not released.
1687,GenerativeAI,low,retain,preserved_conservative_content_screen,Preserved audit decision; text is intentionally not released.
1688,GenerativeAI,low,retain,preserved_conservative_content_screen,Preserved audit decision; text is intentionally not released.
1689,GenerativeAI,low,retain,preserved_conservative_content_screen,Preserved audit decision; text is intentionally not released.
1690,GenerativeAI,low,retain,preserved_conservative_content_screen,Preserved audit decision; text is intentionally not released.
1691,GenerativeAI,low,retain,preserved_conservative_content_screen,Preserved audit decision; text is intentionally not released.
1692,GenerativeAI,low,retain,preserved_conservative_content_screen,Preserved audit decision; text is intentionally not released.
1693,GenerativeAI,low,retain,preserved_conservative_content_screen,Preserved audit decision; text is intentionally not released.
1694,GenerativeAI,low,retain,preserved_conservative_content_screen,Preserved audit decision; text is intentionally not released.
1695,GenerativeAI,low,retain,preserved_conservative_content_screen,Preserved audit decision; text is intentionally not released.
1696,GenerativeAI,low,retain,preserved_conservative_content_screen,Preserved audit decision; text is intentionally not released.
1697,GenerativeAI,low,retain,preserved_conservative_content_screen,Preserved audit decision; text is intentionally not released.
1698,GenerativeAI,low,retain,preserved_conservative_content_screen,Preserved audit decision; text is intentionally not released.
1699,GenerativeAI,low,retain,preserved_conservative_content_screen,Preserved audit decision; text is intentionally not released.
1700,GenerativeAI,low,exclude_non_ai,preserved_conservative_content_screen,Preserved audit decision; text is intentionally not released.
1701,GenerativeAI,low,exclude_non_ai,preserved_conservative_content_screen,Preserved audit decision; text is intentionally not released.
1702,GenerativeAI,low,retain,preserved_conservative_content_screen,Preserved audit decision; text is intentionally not released.
1703,GenerativeAI,low,exclude_non_ai,preserved_conservative_content_screen,Preserved audit decision; text is intentionally not released.
1704,GenerativeAI,low,retain,preserved_conservative_content_screen,Preserved audit decision; text is intentionally not released.
1705,GenerativeAI,low,retain,preserved_conservative_content_screen,Preserved audit decision; text is intentionally not released.
1706,GenerativeAI,low,retain,preserved_conservative_content_screen,Preserved audit decision; text is intentionally not released.
1707,GenerativeAI,low,exclude_non_ai,preserved_conservative_content_screen,Preserved audit decision; text is intentionally not released.
1708,GenerativeAI,low,retain,preserved_conservative_content_screen,Preserved audit decision; text is intentionally not released.
1709,GenerativeAI,low,retain,preserved_conservative_content_screen,Preserved audit decision; text is intentionally not released.
1710,GenerativeAI,low,exclude_non_ai,preserved_conservative_content_screen,Preserved audit decision; text is intentionally not released.
1711,GenerativeAI,low,exclude_non_ai,preserved_conservative_content_screen,Preserved audit decision; text is intentionally not released.
1712,GenerativeAI,low,retain,preserved_conservative_content_screen,Preserved audit decision; text is intentionally not released.
1713,GenerativeAI,low,retain,preserved_conservative_content_screen,Preserved audit decision; text is intentionally not released.
1714,GenerativeAI,low,retain,preserved_conservative_content_screen,Preserved audit decision; text is intentionally not released.
1715,GenerativeAI,low,retain,preserved_conservative_content_screen,Preserved audit decision; text is intentionally not released.
1716,GenerativeAI,low,retain,preserved_conservative_content_screen,Preserved audit decision; text is intentionally not released.
1717,GenerativeAI,low,retain,preserved_conservative_content_screen,Preserved audit decision; text is intentionally not released.
1718,GenerativeAI,low,retain,preserved_conservative_content_screen,Preserved audit decision; text is intentionally not released.
1719,GenerativeAI,low,retain,preserved_conservative_content_screen,Preserved audit decision; text is intentionally not released.
1720,GenerativeAI,low,retain,preserved_conservative_content_screen,Preserved audit decision; text is intentionally not released.
1721,GenerativeAI,low,retain,preserved_conservative_content_screen,Preserved audit decision; text is intentionally not released.
1722,GenerativeAI,low,retain,preserved_conservative_content_screen,Preserved audit decision; text is intentionally not released.
1723,GenerativeAI,low,retain,preserved_conservative_content_screen,Preserved audit decision; text is intentionally not released.
1724,GenerativeAI,low,retain,preserved_conservative_content_screen,Preserved audit decision; text is intentionally not released.
1725,GenerativeAI,low,retain,preserved_conservative_content_screen,Preserved audit decision; text is intentionally not released.
1726,GenerativeAI,low,retain,preserved_conservative_content_screen,Preserved audit decision; text is intentionally not released.
1727,GenerativeAI,low,retain,preserved_conservative_content_screen,Preserved audit decision; text is intentionally not released.
1728,GenerativeAI,low,exclude_non_ai,preserved_conservative_content_screen,Preserved audit decision; text is intentionally not released.
1729,GenerativeAI,low,retain,preserved_conservative_content_screen,Preserved audit decision; text is intentionally not released.
1730,GenerativeAI,low,retain,preserved_conservative_content_screen,Preserved audit decision; text is intentionally not released.
1731,GenerativeAI,low,retain,preserved_conservative_content_screen,Preserved audit decision; text is intentionally not released.
1732,GenerativeAI,low,retain,preserved_conservative_content_screen,Preserved audit decision; text is intentionally not released.
1733,GenerativeAI,low,retain,preserved_conservative_content_screen,Preserved audit decision; text is intentionally not released.
1734,GenerativeAI,low,exclude_non_ai,preserved_conservative_content_screen,Preserved audit decision; text is intentionally not released.
1735,GenerativeAI,low,retain,preserved_conservative_content_screen,Preserved audit decision; text is intentionally not released.
1736,GenerativeAI,low,retain,preserved_conservative_content_screen,Preserved audit decision; text is intentionally not released.
1737,GenerativeAI,low,retain,preserved_conservative_content_screen,Preserved audit decision; text is intentionally not released.
1738,GenerativeAI,low,exclude_non_ai,preserved_conservative_content_screen,Preserved audit decision; text is intentionally not released.
1739,GenerativeAI,low,retain,preserved_conservative_content_screen,Preserved audit decision; text is intentionally not released.
1740,GenerativeAI,low,retain,preserved_conservative_content_screen,Preserved audit decision; text is intentionally not released.
1741,GenerativeAI,low,retain,preserved_conservative_content_screen,Preserved audit decision; text is intentionally not released.
1742,GenerativeAI,low,retain,preserved_conservative_content_screen,Preserved audit decision; text is intentionally not released.
1743,GenerativeAI,low,retain,preserved_conservative_content_screen,Preserved audit decision; text is intentionally not released.
1744,GenerativeAI,low,retain,preserved_conservative_content_screen,Preserved audit decision; text is intentionally not released.
1745,GenerativeAI,low,retain,preserved_conservative_content_screen,Preserved audit decision; text is intentionally not released.
1746,GenerativeAI,low,retain,preserved_conservative_content_screen,Preserved audit decision; text is intentionally not released.
1747,GenerativeAI,low,retain,preserved_conservative_content_screen,Preserved audit decision; text is intentionally not released.
1748,GenerativeAI,low,retain,preserved_conservative_content_screen,Preserved audit decision; text is intentionally not released.
1749,GenerativeAI,low,retain,preserved_conservative_content_screen,Preserved audit decision; text is intentionally not released.
1750,GenerativeAI,low,retain,preserved_conservative_content_screen,Preserved audit decision; text is intentionally not released.
1751,GenerativeAI,low,exclude_non_ai,preserved_conservative_content_screen,Preserved audit decision; text is intentionally not released.
1752,GenerativeAI,low,retain,preserved_conservative_content_screen,Preserved audit decision; text is intentionally not released.
1753,GenerativeAI,low,retain,preserved_conservative_content_screen,Preserved audit decision; text is intentionally not released.
1754,GenerativeAI,low,exclude_non_ai,preserved_conservative_content_screen,Preserved audit decision; text is intentionally not released.
1755,GenerativeAI,low,retain,preserved_conservative_content_screen,Preserved audit decision; text is intentionally not released.
1756,GenerativeAI,low,retain,preserved_conservative_content_screen,Preserved audit decision; text is intentionally not released.
1757,GenerativeAI,low,exclude_non_ai,preserved_conservative_content_screen,Preserved audit decision; text is intentionally not released.
1758,GenerativeAI,low,retain,preserved_conservative_content_screen,Preserved audit decision; text is intentionally not released.
1759,GenerativeAI,low,retain,preserved_conservative_content_screen,Preserved audit decision; text is intentionally not released.
1760,GenerativeAI,low,exclude_non_ai,preserved_conservative_content_screen,Preserved audit decision; text is intentionally not released.
1761,GenerativeAI,low,retain,preserved_conservative_content_screen,Preserved audit decision; text is intentionally not released.
1762,GenerativeAI,low,retain,preserved_conservative_content_screen,Preserved audit decision; text is intentionally not released.
1763,GenerativeAI,low,retain,preserved_conservative_content_screen,Preserved audit decision; text is intentionally not released.
1764,GenerativeAI,low,retain,preserved_conservative_content_screen,Preserved audit decision; text is intentionally not released.
1765,GenerativeAI,low,exclude_non_ai,preserved_conservative_content_screen,Preserved audit decision; text is intentionally not released.
1766,GenerativeAI,low,retain,preserved_conservative_content_screen,Preserved audit decision; text is intentionally not released.
1767,GenerativeAI,low,exclude_non_ai,preserved_conservative_content_screen,Preserved audit decision; text is intentionally not released.
1768,GenerativeAI,low,retain,preserved_conservative_content_screen,Preserved audit decision; text is intentionally not released.
1769,GenerativeAI,low,retain,preserved_conservative_content_screen,Preserved audit decision; text is intentionally not released.
1770,GenerativeAI,low,retain,preserved_conservative_content_screen,Preserved audit decision; text is intentionally not released.
1771,GenerativeAI,low,retain,preserved_conservative_content_screen,Preserved audit decision; text is intentionally not released.
1772,GenerativeAI,low,retain,preserved_conservative_content_screen,Preserved audit decision; text is intentionally not released.
1773,GenerativeAI,low,retain,preserved_conservative_content_screen,Preserved audit decision; text is intentionally not released.
1774,GenerativeAI,low,retain,preserved_conservative_content_screen,Preserved audit decision; text is intentionally not released.
1775,GenerativeAI,low,retain,preserved_conservative_content_screen,Preserved audit decision; text is intentionally not released.
1776,GenerativeAI,low,retain,preserved_conservative_content_screen,Preserved audit decision; text is intentionally not released.
1777,GenerativeAI,low,retain,preserved_conservative_content_screen,Preserved audit decision; text is intentionally not released.
1778,GenerativeAI,low,retain,preserved_conservative_content_screen,Preserved audit decision; text is intentionally not released.
